_stratum,_cluster_id,score1,score2,score3,lon,lat,score_mean,score_std,n_interpreters,ref_label,prob_final,prob_bin
consensus,consensus_201,0.0,0.0,0.3,89.17817681029908,22.043799465143536,0.09999999999999999,0.17320508075688773,3,0,0.04600000008940697,0.0-0.3
consensus,consensus_202,0.3,0.0,0.0,89.83291173352156,21.85168201881031,0.09999999999999999,0.17320508075688773,3,0,0.04399999976158142,0.0-0.3
consensus,consensus_203,0.0,0.0,0.3,89.82450689215716,21.851501560728302,0.09999999999999999,0.17320508075688773,3,0,0.052000001072883606,0.0-0.3
consensus,consensus_205,0.0,0.0,0.0,89.22062173938866,22.073825355792252,0.0,0.0,3,0,0.03200000151991844,0.0-0.3
consensus,consensus_209,0.3,0.0,0.3,89.3229940817508,21.823263612960165,0.19999999999999998,0.17320508075688773,3,0,0.01600000075995922,0.0-0.3
consensus,consensus_212,0.3,0.0,0.3,89.21742989223512,22.02797149700285,0.19999999999999998,0.17320508075688773,3,0,0.004000000189989805,0.0-0.3
consensus,consensus_219,0.0,0.0,0.0,89.83191358502542,21.855665991759277,0.0,0.0,3,0,0.041999999433755875,0.0-0.3
consensus,consensus_220,0.0,0.0,0.0,89.05571096060879,22.068217230595206,0.0,0.0,3,0,0.0020000000949949026,0.0-0.3
consensus,consensus_226,0.3,0.0,0.0,89.32827712780671,21.80846910724491,0.09999999999999999,0.17320508075688773,3,0,0.035999998450279236,0.0-0.3
consensus,consensus_227,0.3,0.0,0.0,89.85942646133472,22.007262497754674,0.09999999999999999,0.17320508075688773,3,0,0.017999999225139618,0.0-0.3
consensus,consensus_229,0.0,0.0,0.7,89.41157340038264,22.151349160524862,0.2333333333333333,0.40414518843273806,3,0,0.004000000189989805,0.0-0.3
consensus,consensus_230,0.0,0.0,0.0,89.08909054184889,21.932730279794583,0.0,0.0,3,0,0.04600000008940697,0.0-0.3
consensus,consensus_233,0.0,0.0,0.0,89.54709390676753,21.75624129875279,0.0,0.0,3,0,0.07599999755620956,0.0-0.3
consensus,consensus_234,0.0,0.0,0.7,89.38163025922408,22.024602394347966,0.2333333333333333,0.40414518843273806,3,0,0.019999999552965164,0.0-0.3
consensus,consensus_238,0.3,0.0,0.3,89.60879211410109,22.350124444376643,0.19999999999999998,0.17320508075688773,3,0,0.1679999977350235,0.0-0.3
consensus,consensus_243,0.3,0.3,0.3,89.17152301002477,22.016211062649234,0.3,0.0,3,0,0.1120000034570694,0.0-0.3
consensus,consensus_249,0.0,0.3,0.0,89.15572234199486,22.195472276815618,0.09999999999999999,0.17320508075688773,3,0,0.06599999964237213,0.0-0.3
consensus,consensus_251,0.0,0.3,0.3,89.15329462165377,22.003001994341815,0.19999999999999998,0.17320508075688773,3,0,0.0,0.0-0.3
consensus,consensus_252,0.5,0.3,0.7,89.3234919633388,21.85642919104816,0.5,0.19999999999999998,3,1,0.1379999965429306,0.0-0.3
consensus,consensus_253,0.0,0.3,0.3,89.11893045300856,21.74112906000011,0.19999999999999998,0.17320508075688773,3,0,0.11599999666213989,0.0-0.3
consensus,consensus_255,0.3,0.3,0.3,89.1181765639258,22.01749069013247,0.3,0.0,3,0,0.08399999886751175,0.0-0.3
consensus,consensus_258,0.3,0.3,0.3,89.26269843244272,22.162862574282688,0.3,0.0,3,0,0.03799999877810478,0.0-0.3
consensus,consensus_264,0.0,0.3,0.3,89.16112237573331,22.06616511413306,0.19999999999999998,0.17320508075688773,3,0,0.0020000000949949026,0.0-0.3
consensus,consensus_268,0.3,0.3,0.3,89.1725415014109,22.001206871173267,0.3,0.0,3,0,0.0,0.0-0.3
consensus,consensus_272,0.0,0.3,0.3,89.17617478476006,22.042414196729972,0.19999999999999998,0.17320508075688773,3,0,0.006000000052154064,0.0-0.3
consensus,consensus_273,0.5,0.3,0.3,89.20559031710799,22.13252528960485,0.3666666666666667,0.11547005383792516,3,0,0.006000000052154064,0.0-0.3
consensus,consensus_275,0.5,0.3,0.3,89.05741718513808,22.07865812593208,0.3666666666666667,0.11547005383792516,3,0,0.06800000369548798,0.0-0.3
consensus,consensus_276,0.0,0.3,0.3,89.17963859767713,22.047933063522716,0.19999999999999998,0.17320508075688773,3,0,0.029999999329447746,0.0-0.3
consensus,consensus_277,0.0,0.3,0.7,89.2960011018755,22.20946463185446,0.3333333333333333,0.3511884584284246,3,0,0.014000000432133675,0.0-0.3
consensus,consensus_278,0.5,0.3,0.3,89.1797269988688,21.84062823804921,0.3666666666666667,0.11547005383792516,3,0,0.07400000095367432,0.0-0.3
consensus,consensus_283,0.5,0.3,0.7,89.2240243761402,22.047652867961965,0.5,0.19999999999999998,3,1,0.024000000208616257,0.0-0.3
consensus,consensus_291,0.3,0.3,0.7,89.20270631312255,21.86398805137268,0.4333333333333333,0.2309401076758503,3,0,0.39399999380111694,0.3-0.5
consensus,consensus_293,0.0,0.3,0.3,89.32942115843566,21.85171548681711,0.19999999999999998,0.17320508075688773,3,0,0.0020000000949949026,0.0-0.3
consensus,consensus_295,0.3,0.3,0.7,89.339185838176,22.20900241089364,0.4333333333333333,0.2309401076758503,3,0,0.019999999552965164,0.0-0.3
consensus,consensus_297,1.0,0.5,0.7,89.22986593965143,22.198058275789222,0.7333333333333334,0.2516611478423583,3,1,0.9940000176429749,0.7-1.0
consensus,consensus_298,0.5,0.5,0.3,89.33902756133847,21.87728300525192,0.43333333333333335,0.11547005383792516,3,0,0.00800000037997961,0.0-0.3
consensus,consensus_301,0.7,0.5,0.7,89.32480843332044,21.858801242803587,0.6333333333333333,0.11547005383792512,3,1,0.07199999690055847,0.0-0.3
consensus,consensus_308,0.0,0.7,0.7,89.35078131214657,21.859925960560968,0.4666666666666666,0.40414518843273806,3,0,0.029999999329447746,0.0-0.3
consensus,consensus_311,0.5,0.7,0.3,89.81583296986557,22.02610830405116,0.5,0.19999999999999998,3,1,0.9980000257492065,0.7-1.0
consensus,consensus_315,1.0,0.7,0.3,89.17400018960856,21.84451739735728,0.6666666666666666,0.3511884584284246,3,1,0.9919999837875366,0.7-1.0
consensus,consensus_318,1.0,0.7,0.7,89.07065655485641,22.17312136687547,0.7999999999999999,0.17320508075688776,3,1,0.949999988079071,0.7-1.0
consensus,consensus_324,1.0,0.7,1.0,89.18919263127019,22.06423181708143,0.9,0.17320508075688776,3,1,1.0,0.7-1.0
consensus,consensus_331,1.0,0.7,0.7,89.3771873452885,22.216917477917367,0.7999999999999999,0.17320508075688776,3,1,0.9919999837875366,0.7-1.0
consensus,consensus_337,1.0,0.7,0.3,89.6056457235351,21.913134271959585,0.6666666666666666,0.3511884584284246,3,1,0.8799999952316284,0.7-1.0
consensus,consensus_345,1.0,0.7,1.0,89.24590373522284,22.19101845260317,0.9,0.17320508075688776,3,1,1.0,0.7-1.0
consensus,consensus_351,1.0,1.0,0.7,89.13823609196801,21.864667876684578,0.9,0.17320508075688776,3,1,1.0,0.7-1.0
consensus,consensus_355,1.0,1.0,0.7,89.15100689597952,21.963746692013437,0.9,0.17320508075688776,3,1,0.9480000138282776,0.7-1.0
consensus,consensus_356,1.0,1.0,0.7,89.64213305088825,22.039687285796816,0.9,0.17320508075688776,3,1,0.9980000257492065,0.7-1.0
consensus,consensus_364,1.0,1.0,0.0,89.0990650243455,22.12237107786465,0.6666666666666666,0.5773502691896258,3,1,0.9919999837875366,0.7-1.0
consensus,consensus_385,1.0,1.0,0.3,89.06710926901843,21.784276074653253,0.7666666666666666,0.40414518843273806,3,1,1.0,0.7-1.0
consensus,consensus_390,1.0,1.0,1.0,89.20276666534188,21.969579109044783,1.0,0.0,3,1,1.0,0.7-1.0
consensus,consensus_394,1.0,1.0,0.3,89.33465178972844,21.82699584667614,0.7666666666666666,0.40414518843273806,3,1,0.9980000257492065,0.7-1.0
consensus,consensus_400,1.0,1.0,0.0,89.44239672458829,21.96230724499134,0.6666666666666666,0.5773502691896258,3,1,1.0,0.7-1.0
consensus,consensus_401,0.0,0.0,0.0,89.42945531234405,22.107382625502815,0.0,0.0,3,0,0.07999999821186066,0.0-0.3
consensus,consensus_402,0.3,0.0,0.0,89.33649864258369,22.097662467382488,0.09999999999999999,0.17320508075688773,3,0,0.2240000069141388,0.0-0.3
consensus,consensus_403,0.0,0.0,0.0,89.50045093127231,21.96273899416355,0.0,0.0,3,0,0.0,0.0-0.3
consensus,consensus_404,0.0,0.3,0.0,89.19829214105444,22.010805650482304,0.09999999999999999,0.17320508075688773,3,0,0.0,0.0-0.3
consensus,consensus_407,0.3,0.0,0.0,89.46023167452742,21.81561620998219,0.09999999999999999,0.17320508075688773,3,0,0.0020000000949949026,0.0-0.3
consensus,consensus_408,0.0,0.3,0.0,89.3454473310403,21.870048199386236,0.09999999999999999,0.17320508075688773,3,0,0.0,0.0-0.3
consensus,consensus_409,1.0,0.7,0.0,89.36891198608218,22.30369628750416,0.5666666666666667,0.5131601439446883,3,1,1.0,0.7-1.0
consensus,consensus_410,0.0,0.3,0.0,89.2974857214494,21.964537341463167,0.09999999999999999,0.17320508075688773,3,0,0.0560000017285347,0.0-0.3
consensus,consensus_411,1.0,1.0,0.0,89.5050706165105,22.174327255534564,0.6666666666666666,0.5773502691896258,3,1,0.8640000224113464,0.7-1.0
consensus,consensus_412,0.0,0.0,0.0,89.46705754260752,21.80371047909285,0.0,0.0,3,0,0.006000000052154064,0.0-0.3
consensus,consensus_413,0.0,0.0,0.0,89.82347771321139,21.85051978564139,0.0,0.0,3,0,0.0860000029206276,0.0-0.3
consensus,consensus_414,1.0,1.0,0.0,89.6762067042233,22.397074527390917,0.6666666666666666,0.5773502691896258,3,1,0.9679999947547913,0.7-1.0
consensus,consensus_415,0.3,0.0,0.0,89.37063998273297,21.977612808012335,0.09999999999999999,0.17320508075688773,3,0,0.006000000052154064,0.0-0.3
consensus,consensus_416,0.0,0.0,0.0,89.4039980093214,21.92759340123765,0.0,0.0,3,0,0.0020000000949949026,0.0-0.3
consensus,consensus_417,0.0,0.3,0.0,89.11091294837206,22.008422022570493,0.09999999999999999,0.17320508075688773,3,0,0.0,0.0-0.3
consensus,consensus_418,0.0,0.0,0.0,89.49618979862318,22.334030809965316,0.0,0.0,3,0,0.03999999910593033,0.0-0.3
consensus,consensus_422,0.0,0.0,0.0,89.46140287585884,21.816794925801467,0.0,0.0,3,0,0.012000000104308128,0.0-0.3
consensus,consensus_425,1.0,1.0,0.0,89.23767452357635,21.700011977801207,0.6666666666666666,0.5773502691896258,3,1,0.9760000109672546,0.7-1.0
consensus,consensus_426,0.0,0.0,0.0,89.31578868547179,21.83354684360047,0.0,0.0,3,0,0.00800000037997961,0.0-0.3
consensus,consensus_427,0.5,0.3,0.0,89.20598503013198,22.149762895003082,0.26666666666666666,0.2516611478423583,3,0,0.009999999776482582,0.0-0.3
consensus,consensus_428,0.3,0.3,0.0,89.30082122386874,22.10772964144468,0.19999999999999998,0.17320508075688773,3,0,0.12800000607967377,0.0-0.3
consensus,consensus_429,0.5,0.0,0.0,89.10572464938724,22.124268844948972,0.16666666666666666,0.2886751345948129,3,0,0.01600000075995922,0.0-0.3
consensus,consensus_430,0.0,0.0,0.0,89.21791575003131,21.947286828560127,0.0,0.0,3,0,0.09799999743700027,0.0-0.3
consensus,consensus_431,1.0,0.5,0.0,89.38231840113392,22.13249705912412,0.5,0.5,3,1,0.7599999904632568,0.7-1.0
consensus,consensus_432,0.0,0.0,0.0,89.0417538194748,21.896265857010786,0.0,0.0,3,0,0.006000000052154064,0.0-0.3
consensus,consensus_433,1.0,0.7,0.0,89.26460060922713,21.927703522528446,0.5666666666666667,0.5131601439446883,3,1,1.0,0.7-1.0
consensus,consensus_434,1.0,1.0,0.0,89.57026198694341,22.135585629635514,0.6666666666666666,0.5773502691896258,3,1,0.9900000095367432,0.7-1.0
consensus,consensus_435,1.0,1.0,0.0,89.21819552925093,21.66590920754371,0.6666666666666666,0.5773502691896258,3,1,0.9039999842643738,0.7-1.0
consensus,consensus_436,0.3,0.3,0.0,89.1626796941726,21.912633111824697,0.19999999999999998,0.17320508075688773,3,0,0.024000000208616257,0.0-0.3
consensus,consensus_437,1.0,0.3,0.0,89.54934086081715,21.80175216719689,0.43333333333333335,0.5131601439446883,3,0,0.9819999933242798,0.7-1.0
consensus,consensus_438,0.3,0.3,0.0,89.13596417379419,22.089219699311332,0.19999999999999998,0.17320508075688773,3,0,0.0560000017285347,0.0-0.3
consensus,consensus_441,0.0,0.0,0.0,89.46254964529942,21.91438681948136,0.0,0.0,3,0,0.0,0.0-0.3
consensus,consensus_442,0.0,0.3,0.0,89.34216890481603,21.859144152095542,0.09999999999999999,0.17320508075688773,3,0,0.0,0.0-0.3
consensus,consensus_444,0.5,0.0,0.0,89.48465519917026,21.91147463186894,0.16666666666666666,0.2886751345948129,3,0,0.0,0.0-0.3
consensus,consensus_445,0.0,0.0,0.3,89.08876837858364,21.923575697568303,0.09999999999999999,0.17320508075688773,3,0,0.09399999678134918,0.0-0.3
consensus,consensus_447,1.0,0.7,0.3,89.12858122771755,21.824901479174596,0.6666666666666666,0.3511884584284246,3,1,0.9860000014305115,0.7-1.0
consensus,consensus_448,0.7,0.7,0.3,89.75592765583873,22.146122804302728,0.5666666666666667,0.2309401076758503,3,1,0.9860000014305115,0.7-1.0
consensus,consensus_449,0.0,0.0,0.3,89.3467653337779,21.866296348645673,0.09999999999999999,0.17320508075688773,3,0,0.014000000432133675,0.0-0.3
consensus,consensus_450,0.0,0.3,0.3,89.34590393513403,21.863645998044113,0.19999999999999998,0.17320508075688773,3,0,0.03999999910593033,0.0-0.3
consensus,consensus_451,1.0,1.0,0.3,89.1979729296276,21.956529458841022,0.7666666666666666,0.40414518843273806,3,1,0.9620000123977661,0.7-1.0
consensus,consensus_458,1.0,0.7,0.3,89.38119823878203,22.022364025484993,0.6666666666666666,0.3511884584284246,3,1,0.9980000257492065,0.7-1.0
consensus,consensus_459,0.3,0.3,0.3,89.21863405885809,22.109866194761892,0.3,0.0,3,0,0.01600000075995922,0.0-0.3
consensus,consensus_460,1.0,1.0,0.3,89.23485942151488,21.858128157900435,0.7666666666666666,0.40414518843273806,3,1,0.9919999837875366,0.7-1.0
consensus,consensus_461,1.0,1.0,0.3,89.22164684439734,21.846612728517716,0.7666666666666666,0.40414518843273806,3,1,0.9860000014305115,0.7-1.0
consensus,consensus_463,1.0,0.7,0.3,89.47854086314555,22.424741134059364,0.6666666666666666,0.3511884584284246,3,1,0.9980000257492065,0.7-1.0
consensus,consensus_464,1.0,0.7,0.3,89.67162336934459,22.331469256677625,0.6666666666666666,0.3511884584284246,3,1,1.0,0.7-1.0
consensus,consensus_465,0.0,0.3,0.3,89.4363373460421,21.968169025577023,0.19999999999999998,0.17320508075688773,3,0,0.12800000607967377,0.0-0.3
consensus,consensus_466,0.3,0.3,0.3,89.09712188601988,22.036723266518646,0.3,0.0,3,0,0.0,0.0-0.3
consensus,consensus_467,1.0,0.7,0.3,89.44735904461893,21.83993301501747,0.6666666666666666,0.3511884584284246,3,1,0.878000020980835,0.7-1.0
consensus,consensus_469,1.0,1.0,0.3,89.59108928463507,22.18177743114849,0.7666666666666666,0.40414518843273806,3,1,1.0,0.7-1.0
consensus,consensus_470,0.3,0.3,0.3,89.21066119012664,21.82965481267489,0.3,0.0,3,0,0.01600000075995922,0.0-0.3
consensus,consensus_476,1.0,0.7,0.3,89.35831226325712,22.21100379669751,0.6666666666666666,0.3511884584284246,3,1,0.9760000109672546,0.7-1.0
consensus,consensus_477,0.0,0.3,0.3,89.19341794098573,22.03529459983607,0.19999999999999998,0.17320508075688773,3,0,0.02199999988079071,0.0-0.3
consensus,consensus_478,0.7,1.0,0.3,89.58727550502896,22.06274485565661,0.6666666666666666,0.3511884584284246,3,1,0.9980000257492065,0.7-1.0
consensus,consensus_479,0.3,0.3,0.3,89.17888580818656,22.040231149243844,0.3,0.0,3,0,0.009999999776482582,0.0-0.3
consensus,consensus_480,0.7,1.0,0.3,89.6357649243717,22.162500488151302,0.6666666666666666,0.3511884584284246,3,1,0.9900000095367432,0.7-1.0
consensus,consensus_481,0.3,0.3,0.3,89.18569029928825,22.037617026920095,0.3,0.0,3,0,0.03999999910593033,0.0-0.3
consensus,consensus_482,0.5,0.0,0.3,89.13639542021608,22.136956885500087,0.26666666666666666,0.2516611478423583,3,0,0.0020000000949949026,0.0-0.3
consensus,consensus_483,0.3,0.0,0.3,89.65973709074237,21.909027518623173,0.19999999999999998,0.17320508075688773,3,0,0.006000000052154064,0.0-0.3
consensus,consensus_484,1.0,0.7,0.3,89.34451961687414,21.940295547408553,0.6666666666666666,0.3511884584284246,3,1,0.9879999756813049,0.7-1.0
consensus,consensus_485,1.0,0.7,0.3,89.73822423317439,22.080988705100424,0.6666666666666666,0.3511884584284246,3,1,0.9980000257492065,0.7-1.0
consensus,consensus_491,1.0,0.7,0.3,89.64213035339375,22.34712552975586,0.6666666666666666,0.3511884584284246,3,1,1.0,0.7-1.0
consensus,consensus_493,0.0,0.3,0.3,89.19331235223736,22.026196813584626,0.19999999999999998,0.17320508075688773,3,0,0.019999999552965164,0.0-0.3
consensus,consensus_495,0.3,0.0,0.3,89.24116075859835,21.823029100860772,0.19999999999999998,0.17320508075688773,3,0,0.01600000075995922,0.0-0.3
consensus,consensus_497,0.0,0.3,0.3,89.37433391633084,22.240272791135364,0.19999999999999998,0.17320508075688773,3,0,0.07999999821186066,0.0-0.3
consensus,consensus_498,1.0,0.7,0.3,89.82583635348782,22.137989803248015,0.6666666666666666,0.3511884584284246,3,1,1.0,0.7-1.0
consensus,consensus_499,0.0,0.3,0.3,89.57034626743871,21.914687578455347,0.19999999999999998,0.17320508075688773,3,0,0.0,0.0-0.3
consensus,consensus_500,1.0,1.0,0.3,89.10213758187807,21.765601140867957,0.7666666666666666,0.40414518843273806,3,1,0.9900000095367432,0.7-1.0
consensus,consensus_501,1.0,0.7,0.3,89.4153312528006,22.343215753627554,0.6666666666666666,0.3511884584284246,3,1,1.0,0.7-1.0
consensus,consensus_503,0.0,0.0,0.3,89.35050129104853,22.21471617353987,0.09999999999999999,0.17320508075688773,3,0,0.04399999976158142,0.0-0.3
consensus,consensus_504,1.0,0.7,0.3,89.36802486995171,22.266109965268683,0.6666666666666666,0.3511884584284246,3,1,0.906000018119812,0.7-1.0
consensus,consensus_505,1.0,1.0,0.3,89.37390231712409,21.79100001011721,0.7666666666666666,0.40414518843273806,3,1,1.0,0.7-1.0
consensus,consensus_506,0.0,0.3,0.3,89.4495124134372,22.254823191249734,0.19999999999999998,0.17320508075688773,3,0,0.05000000074505806,0.0-0.3
consensus,consensus_507,0.0,0.3,0.3,89.17046860365609,22.046906450740607,0.19999999999999998,0.17320508075688773,3,0,0.012000000104308128,0.0-0.3
consensus,consensus_508,1.0,1.0,0.3,89.37985305752963,22.15712584350162,0.7666666666666666,0.40414518843273806,3,1,1.0,0.7-1.0
consensus,consensus_509,1.0,0.7,0.3,89.45472945323144,21.806286559910646,0.6666666666666666,0.3511884584284246,3,1,0.984000027179718,0.7-1.0
consensus,consensus_510,0.7,0.7,0.3,89.73421643113336,22.11830882410911,0.5666666666666667,0.2309401076758503,3,1,1.0,0.7-1.0
consensus,consensus_511,0.3,0.3,0.3,89.20037188612169,22.010447274327912,0.3,0.0,3,0,0.03400000184774399,0.0-0.3
consensus,consensus_512,0.5,0.0,0.3,89.16858165253839,22.043203486344073,0.26666666666666666,0.2516611478423583,3,0,0.006000000052154064,0.0-0.3
consensus,consensus_513,1.0,1.0,0.3,89.39644443518372,22.00658125381995,0.7666666666666666,0.40414518843273806,3,1,1.0,0.7-1.0
consensus,consensus_514,0.0,0.0,0.3,89.60089334275477,22.042042824672926,0.09999999999999999,0.17320508075688773,3,0,0.10599999874830246,0.0-0.3
consensus,consensus_515,1.0,1.0,0.3,89.32994172764901,22.02001889855337,0.7666666666666666,0.40414518843273806,3,1,1.0,0.7-1.0
consensus,consensus_516,1.0,1.0,0.3,89.12643716020588,22.118192938108958,0.7666666666666666,0.40414518843273806,3,1,1.0,0.7-1.0
consensus,consensus_518,1.0,0.7,0.5,89.72990006117493,21.853783121667476,0.7333333333333334,0.2516611478423583,3,1,0.9980000257492065,0.7-1.0
consensus,consensus_519,0.3,0.3,0.5,89.20564046275412,22.037173979912616,0.3666666666666667,0.11547005383792516,3,0,0.01600000075995922,0.0-0.3
consensus,consensus_520,1.0,1.0,0.5,89.66687575392184,21.986576753868263,0.8333333333333334,0.28867513459481287,3,1,1.0,0.7-1.0
consensus,consensus_521,1.0,1.0,0.5,89.1060489153312,21.855563727038227,0.8333333333333334,0.28867513459481287,3,1,1.0,0.7-1.0
consensus,consensus_522,1.0,0.7,0.5,89.59792554291217,22.049339095943818,0.7333333333333334,0.2516611478423583,3,1,1.0,0.7-1.0
consensus,consensus_523,1.0,1.0,0.5,89.07507486675716,21.843832246248475,0.8333333333333334,0.28867513459481287,3,1,0.9940000176429749,0.7-1.0
consensus,consensus_524,1.0,1.0,0.5,89.44507712068047,21.805780306911554,0.8333333333333334,0.28867513459481287,3,1,0.9340000152587891,0.7-1.0
consensus,consensus_526,1.0,0.7,0.7,89.67475356819641,21.99081734979779,0.7999999999999999,0.17320508075688776,3,1,0.9959999918937683,0.7-1.0
consensus,consensus_529,1.0,0.7,0.7,89.17385714342016,22.147130200500758,0.7999999999999999,0.17320508075688776,3,1,0.9980000257492065,0.7-1.0
consensus,consensus_530,1.0,1.0,0.7,89.74736270742338,22.3086713396979,0.9,0.17320508075688776,3,1,0.9959999918937683,0.7-1.0
consensus,consensus_531,0.0,0.3,0.7,89.40389561404155,21.954151592905525,0.3333333333333333,0.3511884584284246,3,0,0.07999999821186066,0.0-0.3
consensus,consensus_533,0.3,0.3,0.7,89.3292934184831,21.860724176832544,0.4333333333333333,0.2309401076758503,3,0,0.09200000017881393,0.0-0.3
consensus,consensus_534,0.3,0.3,0.7,89.21438952594309,21.763919799512973,0.4333333333333333,0.2309401076758503,3,0,0.15399999916553497,0.0-0.3
consensus,consensus_536,0.3,0.3,0.7,89.20665798489298,22.03664200425446,0.4333333333333333,0.2309401076758503,3,0,0.0,0.0-0.3
consensus,consensus_537,0.7,0.7,0.7,89.8477505696461,21.903815487854434,0.6999999999999998,1.3597399555105182e-16,3,1,0.9959999918937683,0.7-1.0
consensus,consensus_538,0.7,1.0,0.7,89.68939247072113,22.27916505897285,0.7999999999999999,0.17320508075688776,3,1,1.0,0.7-1.0
consensus,consensus_539,1.0,1.0,0.7,89.39715819514133,22.15203855272056,0.9,0.17320508075688776,3,1,0.9660000205039978,0.7-1.0
consensus,consensus_541,1.0,1.0,0.7,89.56156209503233,22.39434326905045,0.9,0.17320508075688776,3,1,1.0,0.7-1.0
consensus,consensus_542,1.0,0.7,0.7,89.63312063588575,22.287169289699133,0.7999999999999999,0.17320508075688776,3,1,0.9959999918937683,0.7-1.0
consensus,consensus_543,1.0,1.0,0.7,89.76418708785678,21.941990482701634,0.9,0.17320508075688776,3,1,0.9980000257492065,0.7-1.0
consensus,consensus_544,0.0,0.3,0.7,89.19240061661498,22.0222009780425,0.3333333333333333,0.3511884584284246,3,0,0.0,0.0-0.3
consensus,consensus_545,1.0,1.0,0.7,89.70245308862157,22.315028750855028,0.9,0.17320508075688776,3,1,1.0,0.7-1.0
consensus,consensus_546,1.0,0.7,0.7,89.35646099375003,22.075631840222016,0.7999999999999999,0.17320508075688776,3,1,0.9580000042915344,0.7-1.0
consensus,consensus_547,0.3,0.3,0.7,89.1952196034366,22.044961008646098,0.4333333333333333,0.2309401076758503,3,0,0.07800000160932541,0.0-0.3
consensus,consensus_549,0.7,0.3,0.7,89.16508731273478,22.037601738737848,0.5666666666666667,0.23094010767585027,3,1,0.04800000041723251,0.0-0.3
consensus,consensus_550,1.0,1.0,0.7,89.73421546930483,22.257856728206104,0.9,0.17320508075688776,3,1,0.9900000095367432,0.7-1.0
consensus,consensus_553,1.0,1.0,0.7,89.09986847760705,22.142897586159826,0.9,0.17320508075688776,3,1,1.0,0.7-1.0
consensus,consensus_555,1.0,1.0,0.7,89.40940125243871,22.400034396394595,0.9,0.17320508075688776,3,1,0.9959999918937683,0.7-1.0
consensus,consensus_556,0.3,0.3,0.7,89.25572388465773,22.12937759458631,0.4333333333333333,0.2309401076758503,3,0,0.03400000184774399,0.0-0.3
consensus,consensus_557,0.5,0.3,0.7,89.5514547776409,21.980339682887514,0.5,0.19999999999999998,3,1,0.017999999225139618,0.0-0.3
consensus,consensus_558,1.0,0.7,0.7,89.37651253140547,21.78339727049874,0.7999999999999999,0.17320508075688776,3,1,1.0,0.7-1.0
consensus,consensus_559,1.0,0.7,0.7,89.4589729893638,22.29051156329865,0.7999999999999999,0.17320508075688776,3,1,0.9660000205039978,0.7-1.0
consensus,consensus_560,1.0,1.0,0.7,89.2415118517083,22.11433178092662,0.9,0.17320508075688776,3,1,0.9760000109672546,0.7-1.0
consensus,consensus_564,1.0,0.7,0.7,89.77708254306468,22.230230814328884,0.7999999999999999,0.17320508075688776,3,1,1.0,0.7-1.0
consensus,consensus_565,0.0,0.5,0.7,89.33233263385206,21.858089266567575,0.39999999999999997,0.36055512754639896,3,0,0.03200000151991844,0.0-0.3
consensus,consensus_566,1.0,1.0,0.7,89.72975229653042,22.045697056307556,0.9,0.17320508075688776,3,1,1.0,0.7-1.0
consensus,consensus_567,1.0,1.0,0.7,89.6828052414539,21.905065903157833,0.9,0.17320508075688776,3,1,1.0,0.7-1.0
consensus,consensus_568,1.0,1.0,0.7,89.59279201371461,22.36023328833626,0.9,0.17320508075688776,3,1,1.0,0.7-1.0
consensus,consensus_570,0.3,0.7,0.7,89.33643680078231,21.863692378155005,0.5666666666666667,0.23094010767585027,3,1,0.0,0.0-0.3
consensus,consensus_571,1.0,0.7,0.7,89.44214313472546,22.03815393624574,0.7999999999999999,0.17320508075688776,3,1,0.7940000295639038,0.7-1.0
consensus,consensus_572,1.0,0.7,0.7,89.19448171503711,22.198623457127365,0.7999999999999999,0.17320508075688776,3,1,0.949999988079071,0.7-1.0
consensus,consensus_573,0.5,0.3,0.7,89.17010404728555,22.01286826027993,0.5,0.19999999999999998,3,1,0.004000000189989805,0.0-0.3
consensus,consensus_574,1.0,0.7,0.7,89.78033918593353,21.907953971655484,0.7999999999999999,0.17320508075688776,3,1,1.0,0.7-1.0
consensus,consensus_576,1.0,0.7,0.7,89.41716051926905,22.38307256141981,0.7999999999999999,0.17320508075688776,3,1,1.0,0.7-1.0
consensus,consensus_577,1.0,0.7,0.7,89.44782889385398,22.002804687720012,0.7999999999999999,0.17320508075688776,3,1,0.9860000014305115,0.7-1.0
consensus,consensus_578,0.0,0.3,0.7,89.1456882962738,22.1738553678545,0.3333333333333333,0.3511884584284246,3,0,0.0020000000949949026,0.0-0.3
consensus,consensus_579,1.0,1.0,0.7,89.440557902228,21.80066266980528,0.9,0.17320508075688776,3,1,1.0,0.7-1.0
consensus,consensus_580,1.0,1.0,0.7,89.76599568046268,22.03368510769297,0.9,0.17320508075688776,3,1,0.9520000219345093,0.7-1.0
consensus,consensus_581,1.0,1.0,0.7,89.23534249246929,22.222905175068203,0.9,0.17320508075688776,3,1,0.9739999771118164,0.7-1.0
consensus,consensus_582,1.0,1.0,0.7,89.0732781864272,21.791394712234172,0.9,0.17320508075688776,3,1,0.9660000205039978,0.7-1.0
consensus,consensus_583,1.0,1.0,1.0,89.73586375558035,22.37651977869597,1.0,0.0,3,1,1.0,0.7-1.0
consensus,consensus_584,1.0,1.0,1.0,89.84230809007018,22.12920829144295,1.0,0.0,3,1,1.0,0.7-1.0
consensus,consensus_585,1.0,1.0,1.0,89.82101621762396,21.885007020853372,1.0,0.0,3,1,1.0,0.7-1.0
consensus,consensus_587,0.3,0.3,1.0,89.17560245591746,22.038057322604775,0.5333333333333333,0.40414518843273806,3,1,0.11800000071525574,0.0-0.3
consensus,consensus_588,1.0,1.0,1.0,89.76617731468644,22.01942792273575,1.0,0.0,3,1,0.9980000257492065,0.7-1.0
consensus,consensus_589,1.0,0.7,1.0,89.38661481213427,22.433988038989536,0.9,0.17320508075688776,3,1,0.9860000014305115,0.7-1.0
consensus,consensus_590,0.0,0.3,1.0,89.29079968228245,22.211968607676248,0.43333333333333335,0.5131601439446883,3,0,0.00800000037997961,0.0-0.3
consensus,consensus_591,1.0,1.0,1.0,89.38225914977777,22.4179384125182,1.0,0.0,3,1,1.0,0.7-1.0
consensus,consensus_593,1.0,0.5,1.0,89.13345763442746,22.090447884446476,0.8333333333333334,0.28867513459481287,3,1,0.8560000061988831,0.7-1.0
consensus,consensus_594,1.0,1.0,1.0,89.80983767392489,22.01557413795488,1.0,0.0,3,1,0.9980000257492065,0.7-1.0
consensus,consensus_595,1.0,0.7,1.0,89.11702607869736,22.108548111485497,0.9,0.17320508075688776,3,1,0.9980000257492065,0.7-1.0
consensus,consensus_596,1.0,1.0,1.0,89.38063912985179,22.032267898087383,1.0,0.0,3,1,0.9980000257492065,0.7-1.0
consensus,consensus_597,1.0,1.0,1.0,89.78498803318878,21.94004439758555,1.0,0.0,3,1,0.9959999918937683,0.7-1.0
consensus,consensus_599,1.0,0.7,1.0,89.64933876965927,21.94629639625282,0.9,0.17320508075688776,3,1,1.0,0.7-1.0
disagreement,disagreement_205,0.0,0.3,0.3,89.38599268868633,22.294910065442263,0.19999999999999998,0.17320508075688773,3,0,0.30799999833106995,0.3-0.5
disagreement,disagreement_210,0.0,0.3,0.3,89.39716831513509,22.21187293760988,0.19999999999999998,0.17320508075688773,3,0,0.1679999977350235,0.0-0.3
disagreement,disagreement_216,0.7,0.3,0.3,89.88036234717434,22.13769140495956,0.43333333333333335,0.23094010767585027,3,0,0.4399999976158142,0.3-0.5
disagreement,disagreement_220,1.0,0.3,0.5,89.45502605232402,21.719456909027432,0.6,0.36055512754639896,3,1,0.4480000138282776,0.3-0.5
disagreement,disagreement_229,0.5,0.3,0.0,89.09981550920537,21.928405919577187,0.26666666666666666,0.2516611478423583,3,0,0.47600001096725464,0.3-0.5
disagreement,disagreement_231,1.0,0.3,0.5,89.10291595185615,21.957302378816905,0.6,0.36055512754639896,3,1,0.5059999823570251,0.5-0.7
disagreement,disagreement_236,0.3,0.3,0.5,89.05739161879342,22.085533774514488,0.3666666666666667,0.11547005383792516,3,0,0.5,0.5-0.7
disagreement,disagreement_237,0.3,0.3,0.5,89.05656428644711,22.086018576223978,0.3666666666666667,0.11547005383792516,3,0,0.5299999713897705,0.5-0.7
disagreement,disagreement_254,0.3,0.3,0.0,89.25736677344777,22.04817399203019,0.19999999999999998,0.17320508075688773,3,0,0.48399999737739563,0.3-0.5
disagreement,disagreement_278,0.7,0.5,0.7,89.23000271936388,22.194181282347014,0.6333333333333333,0.11547005383792512,3,1,0.4860000014305115,0.3-0.5
disagreement,disagreement_291,0.7,0.5,0.3,89.45309142357675,21.714840966588792,0.5,0.19999999999999998,3,1,0.3700000047683716,0.3-0.5
disagreement,disagreement_293,1.0,0.5,0.7,89.45861436449262,21.713743856404694,0.7333333333333334,0.2516611478423583,3,1,0.4339999854564667,0.3-0.5
disagreement,disagreement_304,0.5,0.5,0.5,89.05623404298888,22.10505716537173,0.5,0.0,3,1,0.4699999988079071,0.3-0.5
disagreement,disagreement_312,0.3,0.5,0.0,89.18445126400864,21.943791599484022,0.26666666666666666,0.2516611478423583,3,0,0.421999990940094,0.3-0.5
disagreement,disagreement_317,1.0,0.5,0.5,89.18111510892926,22.04852624182215,0.6666666666666666,0.28867513459481287,3,1,0.492000013589859,0.3-0.5
disagreement,disagreement_318,1.0,0.5,0.5,89.38616395870055,21.996686544777504,0.6666666666666666,0.28867513459481287,3,1,0.7160000205039978,0.7-1.0
disagreement,disagreement_344,0.7,0.7,0.5,89.74364841518631,22.3252903351025,0.6333333333333333,0.11547005383792514,3,1,0.4339999854564667,0.3-0.5
disagreement,disagreement_346,1.0,0.7,0.3,89.45049472694731,21.726014802378746,0.6666666666666666,0.3511884584284246,3,1,0.46399998664855957,0.3-0.5
disagreement,disagreement_362,0.7,0.7,0.3,89.3456186519112,22.105917636035134,0.5666666666666667,0.2309401076758503,3,1,0.4440000057220459,0.3-0.5
disagreement,disagreement_368,0.7,0.0,1.0,89.38272716121395,22.313485299597854,0.5666666666666667,0.5131601439446883,3,1,0.44600000977516174,0.3-0.5
disagreement,disagreement_382,0.7,0.0,0.5,89.11051018134452,22.144545049138756,0.39999999999999997,0.3605551275463989,3,0,0.44600000977516174,0.3-0.5
disagreement,disagreement_388,0.3,0.0,0.3,89.05715402108217,22.089902192538528,0.19999999999999998,0.17320508075688773,3,0,0.36399999260902405,0.3-0.5
disagreement,disagreement_390,0.7,0.0,0.7,89.63497953437309,21.904606226379375,0.4666666666666666,0.40414518843273806,3,0,0.31200000643730164,0.3-0.5
disagreement,disagreement_400,0.5,0.3,0.0,89.39654483770053,22.429466267713945,0.26666666666666666,0.2516611478423583,3,0,0.3179999887943268,0.3-0.5
disagreement,disagreement_401,0.0,0.0,0.0,89.56533988373332,22.368275673361598,0.0,0.0,3,0,0.765999972820282,0.7-1.0
disagreement,disagreement_402,0.0,0.0,0.0,89.76382021631812,22.335885512184586,0.0,0.0,3,0,0.328000009059906,0.3-0.5
disagreement,disagreement_403,0.0,0.5,0.0,89.73099125369198,22.31559684528403,0.16666666666666666,0.2886751345948129,3,0,0.3160000145435333,0.3-0.5
disagreement,disagreement_404,0.3,0.7,0.0,89.543290108831,21.78045636218739,0.3333333333333333,0.3511884584284246,3,0,0.47600001096725464,0.3-0.5
disagreement,disagreement_405,0.0,0.3,0.0,89.28800988539894,22.174379909475128,0.09999999999999999,0.17320508075688773,3,0,0.3240000009536743,0.3-0.5
disagreement,disagreement_406,0.3,0.5,0.0,89.33408945971564,22.063286251884108,0.26666666666666666,0.2516611478423583,3,0,0.34599998593330383,0.3-0.5
disagreement,disagreement_407,0.3,0.3,0.0,89.28521390389425,22.01429234183667,0.19999999999999998,0.17320508075688773,3,0,0.27799999713897705,0.0-0.3
disagreement,disagreement_408,0.7,0.3,0.0,89.26478304634719,22.062380362198596,0.3333333333333333,0.3511884584284246,3,0,0.9459999799728394,0.7-1.0
disagreement,disagreement_410,0.3,0.3,0.0,89.19639089716694,22.158044212080227,0.19999999999999998,0.17320508075688773,3,0,0.515999972820282,0.5-0.7
disagreement,disagreement_411,0.5,0.5,0.0,89.15234797676253,22.184200840536153,0.3333333333333333,0.2886751345948129,3,0,0.46399998664855957,0.3-0.5
disagreement,disagreement_412,0.3,0.5,0.0,89.22640936867937,22.070207311950004,0.26666666666666666,0.2516611478423583,3,0,0.2919999957084656,0.0-0.3
disagreement,disagreement_413,0.3,0.5,0.0,89.17273768236561,21.94822331174164,0.26666666666666666,0.2516611478423583,3,0,0.22200000286102295,0.0-0.3
disagreement,disagreement_415,0.5,0.0,0.0,89.09000657038567,21.94251989673444,0.16666666666666666,0.2886751345948129,3,0,0.46000000834465027,0.3-0.5
disagreement,disagreement_417,0.5,0.0,0.3,89.61570708665371,22.370561150004434,0.26666666666666666,0.2516611478423583,3,0,0.39800000190734863,0.3-0.5
disagreement,disagreement_418,0.5,0.0,0.3,89.520628975287,22.370990300680297,0.26666666666666666,0.2516611478423583,3,0,0.5019999742507935,0.5-0.7
disagreement,disagreement_419,0.7,0.0,0.3,89.75797015471602,22.357981590970983,0.3333333333333333,0.3511884584284246,3,0,0.3179999887943268,0.3-0.5
disagreement,disagreement_420,0.3,0.5,0.3,89.72951124016787,22.316988297958066,0.3666666666666667,0.11547005383792516,3,0,0.33399999141693115,0.3-0.5
disagreement,disagreement_421,0.0,0.7,0.3,89.60697146115781,22.341730474161334,0.3333333333333333,0.3511884584284246,3,0,0.21199999749660492,0.0-0.3
disagreement,disagreement_422,0.0,0.5,0.3,89.59707297504707,22.33535706165151,0.26666666666666666,0.2516611478423583,3,0,0.2199999988079071,0.0-0.3
disagreement,disagreement_424,0.5,0.0,0.3,89.87544345067076,22.17136017103277,0.26666666666666666,0.2516611478423583,3,0,0.23199999332427979,0.0-0.3
disagreement,disagreement_425,0.7,0.3,0.3,89.8797586783958,22.144413367759235,0.43333333333333335,0.23094010767585027,3,0,0.30000001192092896,0.3-0.5
disagreement,disagreement_426,0.7,0.5,0.3,89.88111068348947,22.137992440685785,0.5,0.19999999999999998,3,1,0.47600001096725464,0.3-0.5
disagreement,disagreement_428,0.0,0.3,0.3,89.3928918031467,22.212476220569094,0.19999999999999998,0.17320508075688773,3,0,0.28200000524520874,0.0-0.3
disagreement,disagreement_430,0.3,0.5,0.3,89.43172547710006,22.17601931147943,0.3666666666666667,0.11547005383792516,3,0,0.515999972820282,0.5-0.7
disagreement,disagreement_431,0.5,0.7,0.3,89.34051182503603,22.19989992481022,0.5,0.19999999999999998,3,1,0.23399999737739563,0.0-0.3
disagreement,disagreement_432,0.0,0.7,0.3,89.33991099670574,22.17793575670471,0.3333333333333333,0.3511884584284246,3,0,0.21400000154972076,0.0-0.3
disagreement,disagreement_433,0.0,0.5,0.3,89.3271334439898,22.18175660722712,0.26666666666666666,0.2516611478423583,3,0,0.27000001072883606,0.0-0.3
disagreement,disagreement_434,0.0,0.3,0.3,89.64567424481889,21.79691146673954,0.19999999999999998,0.17320508075688773,3,0,0.23999999463558197,0.0-0.3
disagreement,disagreement_435,0.0,0.3,0.3,89.61932234391251,21.788502190993952,0.19999999999999998,0.17320508075688773,3,0,0.23000000417232513,0.0-0.3
disagreement,disagreement_437,1.0,0.5,0.3,89.4529262052068,21.724570034566536,0.6,0.36055512754639896,3,1,0.44999998807907104,0.3-0.5
disagreement,disagreement_438,0.7,0.5,0.3,89.4520443654825,21.717074789895026,0.5,0.19999999999999998,3,1,0.42800000309944153,0.3-0.5
disagreement,disagreement_439,1.0,0.3,0.3,89.45519706012973,21.716470995408393,0.5333333333333333,0.40414518843273806,3,1,0.43799999356269836,0.3-0.5
disagreement,disagreement_441,0.7,0.5,0.3,89.4550668620403,21.71368438329196,0.5,0.19999999999999998,3,1,0.3720000088214874,0.3-0.5
disagreement,disagreement_442,1.0,0.5,0.3,89.47158788110734,21.796857810970863,0.6,0.36055512754639896,3,1,0.4659999907016754,0.3-0.5
disagreement,disagreement_443,0.0,0.5,0.3,89.37304192319897,22.015534799977267,0.26666666666666666,0.2516611478423583,3,0,0.3499999940395355,0.3-0.5
disagreement,disagreement_444,1.0,0.3,0.3,89.34026188603619,22.126204143109263,0.5333333333333333,0.40414518843273806,3,1,0.4359999895095825,0.3-0.5
disagreement,disagreement_446,0.7,0.3,0.3,89.26713627688918,22.21223457676509,0.43333333333333335,0.23094010767585027,3,0,0.49399998784065247,0.3-0.5
disagreement,disagreement_447,0.7,0.3,0.3,89.27111871719319,22.197734140869507,0.43333333333333335,0.23094010767585027,3,0,0.6159999966621399,0.5-0.7
disagreement,disagreement_448,0.0,0.7,0.3,89.31646080928269,22.098817976759427,0.3333333333333333,0.3511884584284246,3,0,0.3880000114440918,0.3-0.5
disagreement,disagreement_449,0.7,0.7,0.3,89.31718799338955,22.058106055963346,0.5666666666666667,0.2309401076758503,3,1,0.4000000059604645,0.3-0.5
disagreement,disagreement_450,0.5,0.3,0.3,89.31597181417668,22.027561624512074,0.3666666666666667,0.11547005383792516,3,0,0.3880000114440918,0.3-0.5
disagreement,disagreement_451,0.3,0.0,0.3,89.26849169239571,22.14573302646522,0.19999999999999998,0.17320508075688773,3,0,0.25999999046325684,0.0-0.3
disagreement,disagreement_452,0.5,0.0,0.3,89.3201582192867,21.83500247609855,0.26666666666666666,0.2516611478423583,3,0,0.2639999985694885,0.0-0.3
disagreement,disagreement_453,0.0,0.5,0.3,89.21247234996818,22.20060620105219,0.26666666666666666,0.2516611478423583,3,0,0.47200000286102295,0.3-0.5
disagreement,disagreement_454,0.3,0.0,0.3,89.20334781997803,22.218719966148274,0.19999999999999998,0.17320508075688773,3,0,0.40799999237060547,0.3-0.5
disagreement,disagreement_455,0.7,0.3,0.3,89.22596062352058,22.05405081145942,0.43333333333333335,0.23094010767585027,3,0,0.43799999356269836,0.3-0.5
disagreement,disagreement_456,1.0,0.7,0.3,89.1873270171994,21.98838970159699,0.6666666666666666,0.3511884584284246,3,1,0.628000020980835,0.5-0.7
disagreement,disagreement_457,0.3,0.3,0.3,89.1425825579289,21.91795422304118,0.3,0.0,3,0,0.20800000429153442,0.0-0.3
disagreement,disagreement_458,0.5,1.0,0.3,89.20693393567039,21.833247743100415,0.6,0.36055512754639896,3,1,0.38199999928474426,0.3-0.5
disagreement,disagreement_459,1.0,0.0,0.3,89.07966513565263,22.10672803640792,0.43333333333333335,0.5131601439446883,3,0,0.4620000123977661,0.3-0.5
disagreement,disagreement_460,0.7,0.3,0.3,89.09300176704558,22.101796629421827,0.43333333333333335,0.23094010767585027,3,0,0.6420000195503235,0.5-0.7
disagreement,disagreement_461,0.3,0.0,0.3,89.05404984558025,22.098484514578754,0.19999999999999998,0.17320508075688773,3,0,0.35199999809265137,0.3-0.5
disagreement,disagreement_463,0.5,0.3,0.3,89.10740759998515,21.99087474085325,0.3666666666666667,0.11547005383792516,3,0,0.37599998712539673,0.3-0.5
disagreement,disagreement_464,0.3,0.5,0.5,89.59762078197203,22.36691080031966,0.43333333333333335,0.11547005383792516,3,0,0.28600001335144043,0.0-0.3
disagreement,disagreement_465,0.0,0.3,0.5,89.66071474645935,22.38368040803057,0.26666666666666666,0.2516611478423583,3,0,0.5260000228881836,0.5-0.7
disagreement,disagreement_466,0.7,0.7,0.5,89.4804240692004,22.363690786667494,0.6333333333333333,0.11547005383792514,3,1,0.515999972820282,0.5-0.7
disagreement,disagreement_467,0.5,0.3,0.5,89.75697429180109,22.38972488379313,0.43333333333333335,0.11547005383792516,3,0,0.5559999942779541,0.5-0.7
disagreement,disagreement_469,0.7,0.0,0.5,89.86043522315164,22.207138984565063,0.39999999999999997,0.3605551275463989,3,0,0.5640000104904175,0.5-0.7
disagreement,disagreement_470,0.5,0.0,0.5,89.87159830510416,22.192013819233868,0.3333333333333333,0.2886751345948129,3,0,0.2680000066757202,0.0-0.3
disagreement,disagreement_471,0.5,0.0,0.5,89.8733732619716,22.1876938750664,0.3333333333333333,0.2886751345948129,3,0,0.3319999873638153,0.3-0.5
disagreement,disagreement_472,0.5,0.0,0.5,89.87332855848803,22.187598256586234,0.3333333333333333,0.2886751345948129,3,0,0.42399999499320984,0.3-0.5
disagreement,disagreement_473,0.7,0.3,0.5,89.8779512312223,22.160614221810555,0.5,0.19999999999999998,3,1,0.3400000035762787,0.3-0.5
disagreement,disagreement_474,0.5,0.3,0.5,89.88209819630268,22.14237747981102,0.43333333333333335,0.11547005383792516,3,0,0.492000013589859,0.3-0.5
disagreement,disagreement_475,0.5,0.5,0.5,89.88088018434536,22.12935513379631,0.5,0.0,3,1,0.4180000126361847,0.3-0.5
disagreement,disagreement_476,0.0,0.5,0.5,89.39673501737387,22.238039524373477,0.3333333333333333,0.2886751345948129,3,0,0.3840000033378601,0.3-0.5
disagreement,disagreement_477,1.0,0.0,0.5,89.39191212533485,22.217372168537064,0.5,0.5,3,1,0.6340000033378601,0.5-0.7
disagreement,disagreement_478,0.0,0.0,0.5,89.3606521496223,22.22556397528224,0.16666666666666666,0.2886751345948129,3,0,0.009999999776482582,0.0-0.3
disagreement,disagreement_479,0.5,0.5,0.5,89.42384390504166,22.16912194926127,0.5,0.0,3,1,0.6740000247955322,0.5-0.7
disagreement,disagreement_480,1.0,0.5,0.5,89.38906555574391,22.13543592368779,0.6666666666666666,0.28867513459481287,3,1,0.40799999237060547,0.3-0.5
disagreement,disagreement_481,1.0,0.5,0.5,89.72939720017295,21.885014971568523,0.6666666666666666,0.28867513459481287,3,1,0.3140000104904175,0.3-0.5
disagreement,disagreement_482,0.7,0.3,0.5,89.54909661934637,21.77316335010718,0.5,0.19999999999999998,3,1,0.3619999885559082,0.3-0.5
disagreement,disagreement_483,1.0,0.5,0.5,89.45278895011593,21.72329555849215,0.6666666666666666,0.28867513459481287,3,1,0.4300000071525574,0.3-0.5
disagreement,disagreement_484,1.0,0.5,0.5,89.4624984075718,21.723971476891492,0.6666666666666666,0.28867513459481287,3,1,0.42399999499320984,0.3-0.5
disagreement,disagreement_486,1.0,0.3,0.5,89.4592031790096,21.718835225441634,0.6,0.36055512754639896,3,1,0.4440000057220459,0.3-0.5
disagreement,disagreement_487,1.0,0.7,0.5,89.44884617705777,21.719219278254933,0.7333333333333334,0.2516611478423583,3,1,0.45399999618530273,0.3-0.5
disagreement,disagreement_488,1.0,0.5,0.5,89.45139274899742,21.716807971562833,0.6666666666666666,0.28867513459481287,3,1,0.4519999921321869,0.3-0.5
disagreement,disagreement_489,1.0,0.5,0.5,89.47106328141552,21.79837395272207,0.6666666666666666,0.28867513459481287,3,1,0.3700000047683716,0.3-0.5
disagreement,disagreement_490,0.7,0.5,0.5,89.4544302999712,21.835180575692846,0.5666666666666667,0.11547005383792512,3,1,0.2680000066757202,0.0-0.3
disagreement,disagreement_491,1.0,0.0,0.5,89.45815900074814,21.839332144665264,0.5,0.5,3,1,0.41200000047683716,0.3-0.5
disagreement,disagreement_492,1.0,0.0,0.5,89.45785181580622,21.846238781017203,0.5,0.5,3,1,0.3700000047683716,0.3-0.5
disagreement,disagreement_494,0.3,0.3,0.5,89.29231475768847,22.20969380082215,0.3666666666666667,0.11547005383792516,3,0,0.15399999916553497,0.0-0.3
disagreement,disagreement_495,0.7,0.7,0.5,89.30390172370164,22.19008032072678,0.6333333333333333,0.11547005383792514,3,1,0.42800000309944153,0.3-0.5
disagreement,disagreement_496,1.0,0.5,0.5,89.27032261483342,22.193096515096748,0.6666666666666666,0.28867513459481287,3,1,0.5320000052452087,0.5-0.7
disagreement,disagreement_497,0.7,0.3,0.5,89.27539009703857,22.046716682849578,0.5,0.19999999999999998,3,1,0.49399998784065247,0.3-0.5
disagreement,disagreement_498,0.3,0.3,0.5,89.25212115943839,22.02445208662798,0.3666666666666667,0.11547005383792516,3,0,0.4300000071525574,0.3-0.5
disagreement,disagreement_499,1.0,0.3,0.5,89.26134687730128,22.117101063897707,0.6,0.36055512754639896,3,1,0.5299999713897705,0.5-0.7
disagreement,disagreement_500,0.7,0.5,0.5,89.18221196983737,22.169240567222946,0.5666666666666667,0.11547005383792512,3,1,0.7279999852180481,0.7-1.0
disagreement,disagreement_501,1.0,0.5,0.5,89.20706386166025,22.13529818544267,0.6666666666666666,0.28867513459481287,3,1,0.5059999823570251,0.5-0.7
disagreement,disagreement_502,1.0,0.7,0.5,89.21137894852141,22.123004890471663,0.7333333333333334,0.2516611478423583,3,1,0.4880000054836273,0.3-0.5
disagreement,disagreement_503,0.5,0.5,0.5,89.23263749289028,22.108401146445807,0.5,0.0,3,1,0.2800000011920929,0.0-0.3
disagreement,disagreement_504,0.5,0.5,0.5,89.20357741386624,22.115021609820094,0.5,0.0,3,1,0.335999995470047,0.3-0.5
disagreement,disagreement_505,0.3,0.5,0.5,89.15057563185145,22.190900131397846,0.43333333333333335,0.11547005383792516,3,0,0.23999999463558197,0.0-0.3
disagreement,disagreement_506,0.7,0.3,0.5,89.18531073929137,22.11983600848262,0.5,0.19999999999999998,3,1,0.3959999978542328,0.3-0.5
disagreement,disagreement_507,1.0,0.3,0.5,89.20583252090603,22.093958098215403,0.6,0.36055512754639896,3,1,0.9100000262260437,0.7-1.0
disagreement,disagreement_508,0.3,0.5,0.5,89.21825468238218,22.072942925549935,0.43333333333333335,0.11547005383792516,3,0,0.5059999823570251,0.5-0.7
disagreement,disagreement_509,1.0,0.3,0.5,89.21779227736457,22.052400259546268,0.6,0.36055512754639896,3,1,0.6940000057220459,0.5-0.7
disagreement,disagreement_510,1.0,0.3,0.5,89.19886570361528,22.04548954256023,0.6,0.36055512754639896,3,1,0.5600000023841858,0.5-0.7
disagreement,disagreement_512,0.3,0.5,0.5,89.24736059473824,21.869529629257638,0.43333333333333335,0.11547005383792516,3,0,0.28600001335144043,0.0-0.3
disagreement,disagreement_513,1.0,0.5,0.5,89.17925461113227,22.01173715113169,0.6666666666666666,0.28867513459481287,3,1,0.5920000076293945,0.5-0.7
disagreement,disagreement_514,0.7,0.5,0.5,89.17930040389196,21.992064307179902,0.5666666666666667,0.11547005383792512,3,1,0.5040000081062317,0.5-0.7
disagreement,disagreement_515,0.7,0.5,0.5,89.178546357324,21.862439633439617,0.5666666666666667,0.11547005383792512,3,1,0.671999990940094,0.5-0.7
disagreement,disagreement_516,0.3,0.5,0.5,89.1352948785938,21.88299240573408,0.43333333333333335,0.11547005383792516,3,0,0.42399999499320984,0.3-0.5
disagreement,disagreement_517,0.3,0.5,0.5,89.13640938936175,21.88317295357718,0.43333333333333335,0.11547005383792516,3,0,0.6179999709129333,0.5-0.7
disagreement,disagreement_518,0.3,0.5,0.5,89.12107930376516,21.74854092857828,0.43333333333333335,0.11547005383792516,3,0,0.3160000145435333,0.3-0.5
disagreement,disagreement_519,0.3,0.0,0.5,89.21589611338092,21.828155181956,0.26666666666666666,0.2516611478423583,3,0,0.16200000047683716,0.0-0.3
disagreement,disagreement_520,0.7,0.3,0.5,89.12510043656407,22.148480549724322,0.5,0.19999999999999998,3,1,0.46799999475479126,0.3-0.5
disagreement,disagreement_525,0.5,0.5,0.5,89.05607802767935,22.077476256405976,0.5,0.0,3,1,0.527999997138977,0.5-0.7
disagreement,disagreement_526,0.7,0.3,0.5,89.0904078642847,22.022754212929513,0.5,0.19999999999999998,3,1,0.49399998784065247,0.3-0.5
disagreement,disagreement_528,0.5,0.3,0.5,89.09852438643517,21.95783615130345,0.43333333333333335,0.11547005383792516,3,0,0.39399999380111694,0.3-0.5
disagreement,disagreement_529,0.0,0.3,0.5,89.20475969667588,21.873297686159514,0.26666666666666666,0.2516611478423583,3,0,0.29600000381469727,0.0-0.3
disagreement,disagreement_530,0.7,0.5,0.5,89.20225846786387,22.13589281451446,0.5666666666666667,0.11547005383792512,3,1,0.593999981880188,0.5-0.7
disagreement,disagreement_531,1.0,0.3,0.5,89.87474597076891,22.18383071774408,0.6,0.36055512754639896,3,1,0.3919999897480011,0.3-0.5
disagreement,disagreement_532,0.7,0.7,0.7,89.47223904064751,22.335200454229767,0.6999999999999998,1.3597399555105182e-16,3,1,0.5860000252723694,0.5-0.7
disagreement,disagreement_533,0.7,0.0,0.7,89.87915841392244,22.159563947841608,0.4666666666666666,0.40414518843273806,3,0,0.335999995470047,0.3-0.5
disagreement,disagreement_534,0.7,0.0,0.7,89.87960410765375,22.15985417241285,0.4666666666666666,0.40414518843273806,3,0,0.2939999997615814,0.0-0.3
disagreement,disagreement_535,1.0,0.3,0.7,89.83634283055362,22.06553406055588,0.6666666666666666,0.3511884584284246,3,1,0.3400000035762787,0.3-0.5
disagreement,disagreement_536,0.7,0.3,0.7,89.82035233890387,22.052182565683783,0.5666666666666667,0.23094010767585027,3,1,0.20000000298023224,0.0-0.3
disagreement,disagreement_537,0.0,0.3,0.7,89.4259155138139,22.21449041952086,0.3333333333333333,0.3511884584284246,3,0,0.3880000114440918,0.3-0.5
disagreement,disagreement_538,0.7,0.5,0.7,89.45937291615598,22.144092600710703,0.6333333333333333,0.11547005383792512,3,1,0.5879999995231628,0.5-0.7
disagreement,disagreement_539,0.7,0.5,0.7,89.47394294139599,22.134080541258548,0.6333333333333333,0.11547005383792512,3,1,0.48399999737739563,0.3-0.5
disagreement,disagreement_540,1.0,0.3,0.7,89.50629929502531,22.083943574975304,0.6666666666666666,0.3511884584284246,3,1,0.5740000009536743,0.5-0.7
disagreement,disagreement_541,1.0,0.5,0.7,89.50242104158721,22.074545832251026,0.7333333333333334,0.2516611478423583,3,1,0.5040000081062317,0.5-0.7
disagreement,disagreement_542,0.7,0.5,0.7,89.45218206391002,22.120303712728234,0.6333333333333333,0.11547005383792512,3,1,0.5699999928474426,0.5-0.7
disagreement,disagreement_543,0.5,0.7,0.7,89.36027225269112,22.17937488478735,0.6333333333333333,0.11547005383792512,3,1,0.5180000066757202,0.5-0.7
disagreement,disagreement_544,1.0,0.3,0.7,89.57462127194218,21.935902586458635,0.6666666666666666,0.3511884584284246,3,1,0.47600001096725464,0.3-0.5
disagreement,disagreement_546,1.0,0.5,0.7,89.45129192487754,21.72123095978726,0.7333333333333334,0.2516611478423583,3,1,0.4519999921321869,0.3-0.5
disagreement,disagreement_547,1.0,0.3,0.7,89.45444440044861,21.718643696411668,0.6666666666666666,0.3511884584284246,3,1,0.4440000057220459,0.3-0.5
disagreement,disagreement_548,1.0,0.7,0.7,89.44991594949651,21.720911474908853,0.7999999999999999,0.17320508075688776,3,1,0.4440000057220459,0.3-0.5
disagreement,disagreement_549,1.0,0.7,0.7,89.4490215726776,21.72063650215949,0.7999999999999999,0.17320508075688776,3,1,0.4560000002384186,0.3-0.5
disagreement,disagreement_550,1.0,0.5,0.7,89.45184836368661,21.7166024193841,0.7333333333333334,0.2516611478423583,3,1,0.40400001406669617,0.3-0.5
disagreement,disagreement_551,1.0,0.5,0.7,89.45729995953691,21.71593115926121,0.7333333333333334,0.2516611478423583,3,1,0.3160000145435333,0.3-0.5
disagreement,disagreement_553,0.7,0.5,0.7,89.4549315509718,21.712926072810095,0.6333333333333333,0.11547005383792512,3,1,0.4259999990463257,0.3-0.5
disagreement,disagreement_554,0.7,0.5,0.7,89.45563814424997,21.836388261383235,0.6333333333333333,0.11547005383792512,3,1,0.12399999797344208,0.0-0.3
disagreement,disagreement_555,0.7,0.0,0.7,89.46327051953006,21.8459314857312,0.4666666666666666,0.40414518843273806,3,0,0.33799999952316284,0.3-0.5
disagreement,disagreement_556,1.0,0.0,0.7,89.45784498336533,21.846979173440484,0.5666666666666667,0.5131601439446883,3,1,0.3959999978542328,0.3-0.5
disagreement,disagreement_557,0.7,0.0,0.7,89.46062682654016,21.855960783563816,0.4666666666666666,0.40414518843273806,3,0,0.42800000309944153,0.3-0.5
disagreement,disagreement_558,0.7,0.3,0.7,89.47046888464565,21.897913822533468,0.5666666666666667,0.23094010767585027,3,1,0.4480000138282776,0.3-0.5
disagreement,disagreement_559,0.7,0.3,0.7,89.41204625973597,21.93964335097514,0.5666666666666667,0.23094010767585027,3,1,0.5680000185966492,0.5-0.7
disagreement,disagreement_560,0.5,0.3,0.7,89.39648995503306,21.945675277335848,0.5,0.19999999999999998,3,1,0.4000000059604645,0.3-0.5
disagreement,disagreement_561,0.3,0.3,0.7,89.36721590688035,22.029037782520938,0.4333333333333333,0.2309401076758503,3,0,0.43799999356269836,0.3-0.5
disagreement,disagreement_562,0.7,0.0,0.7,89.3454537563406,22.12133102603704,0.4666666666666666,0.40414518843273806,3,0,0.17399999499320984,0.0-0.3
disagreement,disagreement_563,0.7,0.7,0.7,89.34569509486812,22.10621797680202,0.6999999999999998,1.3597399555105182e-16,3,1,0.4180000126361847,0.3-0.5
disagreement,disagreement_564,0.3,0.5,0.7,89.29358830578359,22.21201741455874,0.5,0.19999999999999998,3,1,0.23600000143051147,0.0-0.3
disagreement,disagreement_565,1.0,0.0,0.7,89.30883005655599,22.182152764977786,0.5666666666666667,0.5131601439446883,3,1,0.5960000157356262,0.5-0.7
disagreement,disagreement_566,0.7,0.3,0.7,89.25508114089439,22.039055528528074,0.5666666666666667,0.23094010767585027,3,1,0.45399999618530273,0.3-0.5
disagreement,disagreement_568,1.0,0.3,0.7,89.19758567176761,22.14385350829711,0.6666666666666666,0.3511884584284246,3,1,0.5580000281333923,0.5-0.7
disagreement,disagreement_569,0.7,0.3,0.7,89.19475255932238,22.143914082045708,0.5666666666666667,0.23094010767585027,3,1,0.35600000619888306,0.3-0.5
disagreement,disagreement_570,0.5,0.3,0.7,89.23065966235173,22.093170460790724,0.5,0.19999999999999998,3,1,0.4339999854564667,0.3-0.5
disagreement,disagreement_571,1.0,0.3,0.7,89.19931028819882,22.076406245089295,0.6666666666666666,0.3511884584284246,3,1,0.492000013589859,0.3-0.5
disagreement,disagreement_572,0.5,0.5,0.7,89.20446695606617,22.03686280529602,0.5666666666666667,0.11547005383792514,3,1,0.20000000298023224,0.0-0.3
disagreement,disagreement_573,0.7,0.5,0.7,89.15367399745668,21.93188204640254,0.6333333333333333,0.11547005383792512,3,1,0.3499999940395355,0.3-0.5
disagreement,disagreement_574,0.7,0.5,0.7,89.16568338317043,21.902259859524925,0.6333333333333333,0.11547005383792512,3,1,0.5540000200271606,0.5-0.7
disagreement,disagreement_575,1.0,0.0,0.7,89.18301964546833,21.901736405439824,0.5666666666666667,0.5131601439446883,3,1,0.9319999814033508,0.7-1.0
disagreement,disagreement_576,0.5,0.5,0.7,89.09776969846271,21.89077434647331,0.5666666666666667,0.11547005383792514,3,1,0.6480000019073486,0.5-0.7
disagreement,disagreement_577,0.7,0.7,0.7,89.1496079141285,21.867842967362872,0.6999999999999998,1.3597399555105182e-16,3,1,0.6340000033378601,0.5-0.7
disagreement,disagreement_578,0.3,0.5,0.7,89.12246049745855,21.873669953724832,0.5,0.19999999999999998,3,1,0.5860000252723694,0.5-0.7
disagreement,disagreement_579,0.7,1.0,0.7,89.0778702651598,22.186235160068733,0.7999999999999999,0.17320508075688776,3,1,0.48399999737739563,0.3-0.5
disagreement,disagreement_580,0.5,0.7,0.7,89.1501823136976,22.183122260168403,0.6333333333333333,0.11547005383792512,3,1,0.30799999833106995,0.3-0.5
disagreement,disagreement_581,0.5,0.3,0.7,89.06114088562651,22.07669977084504,0.5,0.19999999999999998,3,1,0.6740000247955322,0.5-0.7
disagreement,disagreement_582,0.5,0.5,0.7,89.09107804820394,22.026231433670105,0.5666666666666667,0.11547005383792514,3,1,0.2919999957084656,0.0-0.3
disagreement,disagreement_583,0.7,0.3,0.7,89.11268825276024,21.928087598549077,0.5666666666666667,0.23094010767585027,3,1,0.7279999852180481,0.7-1.0
disagreement,disagreement_584,1.0,0.3,0.7,89.0663923212185,21.875081211672725,0.6666666666666666,0.3511884584284246,3,1,0.6159999966621399,0.5-0.7
disagreement,disagreement_585,0.7,0.7,1.0,89.51487131950977,22.30291007202685,0.7999999999999999,0.17320508075688776,3,1,0.47200000286102295,0.3-0.5
disagreement,disagreement_587,0.5,0.7,1.0,89.40884794279638,22.14992265696663,0.7333333333333334,0.2516611478423583,3,1,0.48399999737739563,0.3-0.5
disagreement,disagreement_588,0.5,0.5,1.0,89.36418307678996,22.184275877959305,0.6666666666666666,0.28867513459481287,3,1,0.33799999952316284,0.3-0.5
disagreement,disagreement_589,0.7,0.3,1.0,89.55186460250482,21.97251647133025,0.6666666666666666,0.3511884584284246,3,1,0.5040000081062317,0.5-0.7
disagreement,disagreement_590,1.0,0.3,1.0,89.45336192167629,21.716723146993946,0.7666666666666666,0.40414518843273806,3,1,0.550000011920929,0.5-0.7
disagreement,disagreement_591,1.0,0.7,1.0,89.3395021652826,22.116707220680993,0.9,0.17320508075688776,3,1,0.43799999356269836,0.3-0.5
disagreement,disagreement_592,0.7,0.5,1.0,89.21816397399694,22.192910384501538,0.7333333333333334,0.2516611478423583,3,1,0.5820000171661377,0.5-0.7
disagreement,disagreement_593,1.0,1.0,1.0,89.19915328866907,22.204584782882595,1.0,0.0,3,1,0.5040000081062317,0.5-0.7
disagreement,disagreement_594,1.0,0.5,1.0,89.20282159493566,22.13426563537413,0.8333333333333334,0.28867513459481287,3,1,0.49399998784065247,0.3-0.5
disagreement,disagreement_595,0.7,0.3,1.0,89.1813100061814,22.030464289377868,0.6666666666666666,0.3511884584284246,3,1,0.5360000133514404,0.5-0.7
disagreement,disagreement_596,1.0,0.5,1.0,89.16982814960264,22.014092583962967,0.8333333333333334,0.28867513459481287,3,1,0.5299999713897705,0.5-0.7
disagreement,disagreement_597,0.5,0.7,1.0,89.14868866812635,21.867025418188344,0.7333333333333334,0.2516611478423583,3,1,0.5220000147819519,0.5-0.7
disagreement,disagreement_598,0.5,0.7,1.0,89.15267612797588,21.86251647971246,0.7333333333333334,0.2516611478423583,3,1,0.5559999942779541,0.5-0.7
disagreement,disagreement_599,0.5,0.0,1.0,89.06277242825092,22.079114752957366,0.5,0.5,3,1,0.5379999876022339,0.5-0.7
