source,i1_mean,i2_mean,i3_mean,interp_std,knn_prob,logreg_prob,rf_prob,svc_prob,xgb_prob,models_std,stratum
cert,0.0,0.3,0.3,0.14142135623730953,0.0,0.0048427823930978775,0.0,0.0038639805279672146,0.0023910016752779484,0.001973205515470781,Consensus
cert,0.0,0.3,0.3,0.14142135623730953,0.06666667014360428,0.003913255408406258,0.0,0.004560692701488733,0.006970944814383984,0.025221779110760466,Consensus
cert,0.0,0.0,0.0,0.0,0.06666667014360428,0.1024586632847786,0.10000000149011612,0.1242089569568634,0.10541722923517227,0.01861324331803239,Consensus
cert,0.0,0.3,0.3,0.14142135623730953,0.0,0.04012538492679596,0.07999999821186066,0.03996781259775162,0.044052526354789734,0.025349564816313366,Consensus
cert,0.0,0.3,0.3,0.14142135623730953,0.20000000298023224,0.07842186838388443,0.019999999552965164,0.1263456642627716,0.012542965821921825,0.06988912451498727,Consensus
cert,0.0,0.3,0.3,0.14142135623730953,0.13333334028720856,0.06917647272348404,0.019999999552965164,0.08120797574520111,0.056429486721754074,0.03688081980283162,Consensus
cert,0.0,0.3,0.0,0.1414213562373095,0.20000000298023224,0.06563272327184677,0.009999999776482582,0.09957882761955261,0.0034028030931949615,0.0716455320373154,Consensus
cert,0.0,0.0,0.3,0.1414213562373095,0.0,0.00905277207493782,0.07000000029802322,0.009679816663265228,0.004858413245528936,0.02587431395126094,Consensus
cert,0.0,0.0,0.7,0.3299831645537222,0.0,0.008961893618106842,0.03999999910593033,0.010976274497807026,0.004390318412333727,0.014088563805528578,Consensus
cert,0.0,0.3,0.0,0.1414213562373095,0.0,0.014995395205914974,0.0,0.02554483525454998,0.0048630936071276665,0.009886938835837878,Consensus
cert,0.0,0.3,0.0,0.1414213562373095,0.06666667014360428,0.0013463256182149053,0.0,0.001392500358633697,0.006100339815020561,0.02586574743459386,Consensus
cert,0.0,0.3,0.3,0.14142135623730953,0.06666667014360428,0.008862758055329323,0.0,0.01203225925564766,0.006970944814383984,0.024203632000358404,Consensus
cert,0.0,0.0,0.0,0.0,0.0,0.014372595585882664,0.11999999731779099,0.0161084346473217,0.04758593812584877,0.04309145960805433,Consensus
cert,0.0,0.3,0.0,0.1414213562373095,0.0,3.843759623123333e-05,0.0,3.322343764011748e-05,0.0034985309466719627,0.001392339461111903,Consensus
cert,0.0,0.0,0.0,0.0,0.13333334028720856,0.060549505054950714,0.009999999776482582,0.09989988803863525,0.008564709685742855,0.04916335843306861,Consensus
cert,0.0,0.3,0.3,0.14142135623730953,0.13333334028720856,0.1928463578224182,0.09000000357627869,0.25718021392822266,0.03115866333246231,0.07862663304745325,Consensus
cert,0.0,0.0,0.0,0.0,0.0,0.06874831020832062,0.05999999865889549,0.05712106078863144,0.018952764570713043,0.026675575091209203,Consensus
cert,0.0,0.3,0.3,0.14142135623730953,0.06666667014360428,0.012710650451481342,0.0,0.014179964549839497,0.0050895316526293755,0.0240280726532764,Consensus
cert,0.0,0.0,0.3,0.1414213562373095,0.2666666805744171,0.19222605228424072,0.11999999731779099,0.2396450787782669,0.015299011021852493,0.09063004812179351,Consensus
cert,0.0,0.3,0.7,0.28674417556808757,0.13333334028720856,0.011655453592538834,0.0,0.019278232008218765,0.003039008006453514,0.050390977831596476,Consensus
cert,0.0,0.3,0.3,0.14142135623730953,0.06666667014360428,0.004653860814869404,0.009999999776482582,0.005203503184020519,0.005292495712637901,0.024228641140541633,Consensus
cert,0.0,0.0,0.0,0.0,0.0,0.00014805640967097133,0.0,0.00011621633893810213,0.005936812609434128,0.002349062748155925,Consensus
cert,0.0,0.3,0.7,0.28674417556808757,0.0,0.055178675800561905,0.0,0.0903645008802414,0.012159879319369793,0.03573301323186041,Consensus
cert,0.0,0.0,0.0,0.0,0.13333334028720856,0.025643620640039444,0.03999999910593033,0.04570549353957176,0.042301077395677567,0.038579369407129714,Consensus
cert,0.0,0.0,0.0,0.0,0.0,0.0005137991975061595,0.009999999776482582,0.00042261293856427073,0.03229309245944023,0.012405872784977045,Consensus
cert,0.0,0.0,0.0,0.0,0.0,0.022778687998652458,0.12999999523162842,0.022508995607495308,0.015815824270248413,0.046629503080640344,Consensus
cert,0.0,0.0,0.0,0.0,0.06666667014360428,0.05290819704532623,0.12999999523162842,0.08038416504859924,0.028375746682286263,0.03385190068504573,Consensus
cert,0.0,0.7,0.7,0.3299831645537222,0.13333334028720856,0.38949039578437805,0.4000000059604645,0.36138811707496643,0.1948949098587036,0.1100132565289897,Consensus
cert,0.0,0.3,0.3,0.14142135623730953,0.0,0.027029292657971382,0.0,0.039115022867918015,0.005495828110724688,0.015901633665228912,Consensus
cert,0.0,0.3,0.0,0.1414213562373095,0.0,2.7662317734211683e-05,0.0,3.3104523026850075e-05,0.007395102642476559,0.002951996146874729,Consensus
cert,0.0,0.0,0.3,0.1414213562373095,0.0,0.11118973791599274,0.03999999910593033,0.14301569759845734,0.03181099519133568,0.053237664147673947,Consensus
cert,0.0,0.3,0.3,0.14142135623730953,0.2666666805744171,0.2179604321718216,0.10999999940395355,0.2724897861480713,0.13293008506298065,0.06726093319879409,Consensus
cert,0.0,0.3,0.3,0.14142135623730953,0.0,0.05857492983341217,0.09000000357627869,0.08247896283864975,0.18421319127082825,0.059630447596024046,Consensus
cert,0.0,0.0,0.3,0.1414213562373095,0.0,0.0208112895488739,0.0,0.03654840588569641,0.027724551036953926,0.01476266016778766,Consensus
cert,0.0,0.0,0.0,0.0,0.0,0.02145417220890522,0.0,0.03919211030006409,0.009170844219624996,0.014869574047127647,Consensus
cert,0.0,0.0,0.0,0.0,0.0,0.07064305990934372,0.0,0.09247373044490814,0.0079069584608078,0.03938153932009838,Consensus
cert,0.0,0.0,0.0,0.0,0.0,0.0013459434267133474,0.0,0.0012834680965170264,0.0023910016752779484,0.0009093770765882051,Consensus
cert,0.0,0.5,0.7,0.29439202887759497,0.06666667014360428,0.011622369289398193,0.12999999523162842,0.011976329609751701,0.00651518302038312,0.047706435395251455,Consensus
cert,0.0,0.0,0.0,0.0,0.0,0.015768524259328842,0.0,0.016563840210437775,0.009793050587177277,0.007266372972714953,Consensus
cert,0.0,0.0,0.0,0.0,0.0,0.0018618061440065503,0.0,0.0019010452087968588,0.004818758461624384,0.001764761894070129,Consensus
cert,0.0,0.3,0.3,0.14142135623730953,0.06666667014360428,0.05727464333176613,0.0,0.0726674348115921,0.015873441472649574,0.029077880631475955,Consensus
cert,0.0,0.3,0.0,0.1414213562373095,0.0,0.042060766369104385,0.07999999821186066,0.0702325776219368,0.028701599687337875,0.028836614562994658,Consensus
cert,0.0,0.0,0.3,0.1414213562373095,0.0,0.08172330260276794,0.029999999329447746,0.12381191551685333,0.061440471559762955,0.0425302436979964,Consensus
cert,0.0,0.0,0.3,0.1414213562373095,0.20000000298023224,0.20261934399604797,0.1599999964237213,0.24616292119026184,0.07382470369338989,0.058140961740996575,Consensus
cert,0.0,0.3,0.7,0.28674417556808757,0.20000000298023224,0.14253628253936768,0.10000000149011612,0.1962902545928955,0.017851129174232483,0.06770525464366443,Consensus
cert,0.0,0.3,1.0,0.41899350299921784,0.13333334028720856,0.02964571677148342,0.05000000074505806,0.04489416256546974,0.06385510414838791,0.036187802996093164,Consensus
cert,0.0,0.3,0.7,0.28674417556808757,0.0,0.03161861002445221,0.0,0.04885523021221161,0.010579434223473072,0.019185174950845634,Consensus
cert,0.0,0.3,0.3,0.14142135623730953,0.0,0.000325991801219061,0.0,0.0003746938891708851,0.007395102642476559,0.002892260413990841,Consensus
cert,0.0,0.0,0.0,0.0,0.0,0.03675323724746704,0.009999999776482582,0.039047837257385254,0.041451964527368546,0.017059497203293177,Consensus
cert,0.0,0.0,0.7,0.3299831645537222,0.0,0.014357834123075008,0.0,0.017701374366879463,0.00683103920891881,0.007261664804161603,Consensus
cert,0.0,0.0,0.0,0.0,0.0,3.7455595958135746e-08,0.009999999776482582,1.000000082740371e-07,0.008015443570911884,0.004457243561791351,Consensus
cert,0.3,0.0,0.0,0.1414213562373095,0.0,0.0737202912569046,0.0,0.09096171706914902,0.02334245853126049,0.03790236314020257,Consensus
cert,0.3,0.3,0.3,3.725290298461914e-09,0.20000000298023224,0.14369136095046997,0.07000000029802322,0.2010176181793213,0.09532805532217026,0.05331455787281411,Consensus
cert,0.3,0.0,0.3,0.14142135623730953,0.2666666805744171,0.009958161972463131,0.1899999976158142,0.017239104956388474,0.04021576792001724,0.10420447995909041,Consensus
cert,0.3,0.3,1.0,0.3299831645537222,0.06666667014360428,0.049028053879737854,0.10000000149011612,0.07081789523363113,0.022184327244758606,0.025677822314291367,Consensus
cert,0.3,0.0,0.0,0.1414213562373095,0.0,0.016753513365983963,0.0,0.019299190491437912,0.04145253449678421,0.015297314702049092,Consensus
cert,0.3,0.3,0.0,0.14142135623730953,0.20000000298023224,0.13446848094463348,0.10000000149011612,0.19036667048931122,0.07224594056606293,0.04971178533883437,Consensus
cert,0.3,0.3,0.3,3.725290298461914e-09,0.0,0.013659019954502583,0.0,0.018833234906196594,0.0050039817579090595,0.007551236249399654,Consensus
cert,0.3,0.0,0.0,0.1414213562373095,0.0,0.001092530437745154,0.029999999329447746,0.0019112371373921633,0.012807430699467659,0.01139423999973465,Consensus
cert,0.3,0.3,0.3,3.725290298461914e-09,0.13333334028720856,0.02809629961848259,0.05000000074505806,0.04598650708794594,0.022299816831946373,0.040077470620419865,Consensus
cert,0.3,0.0,0.3,0.14142135623730953,0.0,0.04955834895372391,0.009999999776482582,0.08003003150224686,0.01959812268614769,0.029246722070447085,Consensus
cert,0.3,0.3,0.3,3.725290298461914e-09,0.06666667014360428,0.10849419236183167,0.009999999776482582,0.1055528074502945,0.03057500347495079,0.039360839350044814,Consensus
cert,0.3,0.7,0.7,0.1885618083164127,0.0,0.021638324484229088,0.0,0.023709211498498917,0.0033059287816286087,0.01065683850641684,Consensus
cert,0.3,0.3,0.7,0.1885618083164127,0.20000000298023224,0.1708303987979889,0.17000000178813934,0.2519662380218506,0.050165288150310516,0.06628665807525573,Consensus
cert,0.3,0.3,0.3,3.725290298461914e-09,0.0,0.10944194346666336,0.009999999776482582,0.12730810046195984,0.015145132318139076,0.05439935627671914,Consensus
cert,0.3,0.3,0.0,0.14142135623730953,0.0,0.10722474008798599,0.0,0.128264382481575,0.019293036311864853,0.05538651145105788,Consensus
cert,0.3,0.3,0.7,0.1885618083164127,0.06666667014360428,0.04284972324967384,0.0,0.05336867645382881,0.003799550933763385,0.026782245400148928,Consensus
cert,0.3,0.0,0.0,0.1414213562373095,0.0,0.01200349722057581,0.11999999731779099,0.010950750671327114,0.02729625627398491,0.04384527613676534,Consensus
cert,0.3,0.3,0.7,0.1885618083164127,0.0,0.05398022383451462,0.07000000029802322,0.06003193557262421,0.12745335698127747,0.04064456294362152,Consensus
cert,0.3,0.3,0.3,3.725290298461914e-09,0.06666667014360428,0.020710408687591553,0.0,0.037291381508111954,0.016582023352384567,0.022577142160416928,Consensus
cert,0.3,0.3,0.3,3.725290298461914e-09,0.0,0.029597509652376175,0.0,0.042146213352680206,0.003614838467910886,0.017490571044344042,Consensus
cert,0.3,0.0,0.0,0.1414213562373095,0.20000000298023224,0.14602431654930115,0.23999999463558197,0.19991476833820343,0.17690005898475647,0.030889488934237538,Consensus
cert,0.3,0.3,0.5,0.0942809041582062,0.06666667014360428,0.008329027332365513,0.009999999776482582,0.009315349161624908,0.006970944814383984,0.023227479639585668,Consensus
cert,0.3,0.3,0.3,3.725290298461914e-09,0.0,0.049952615052461624,0.009999999776482582,0.07818004488945007,0.009206634014844894,0.029834113961526822,Consensus
cert,0.3,0.3,0.3,3.725290298461914e-09,0.2666666805744171,0.13647685945034027,0.1599999964237213,0.16028814017772675,0.04470395669341087,0.07074081133293894,Consensus
cert,0.3,0.0,0.3,0.14142135623730953,0.0,0.0014526991872116923,0.0,0.0025736785028129816,0.005409772973507643,0.002009557748375728,Consensus
cert,0.3,0.0,0.0,0.1414213562373095,0.06666667014360428,0.08595933765172958,0.029999999329447746,0.07677518576383591,0.055719245225191116,0.019351164985373957,Consensus
cert,0.3,0.0,0.3,0.14142135623730953,0.06666667014360428,0.008195450529456139,0.0,0.011579932644963264,0.007550077512860298,0.024231403988638316,Consensus
cert,0.3,0.3,0.3,3.725290298461914e-09,0.06666667014360428,0.1343352496623993,0.019999999552965164,0.14751136302947998,0.03355291113257408,0.05185433340773446,Consensus
cert,0.3,0.3,0.7,0.1885618083164127,0.2666666805744171,0.22547662258148193,0.11999999731779099,0.23986493051052094,0.1115887463092804,0.06424053467626721,Consensus
cert,0.3,0.0,0.3,0.14142135623730953,0.13333334028720856,0.06624606251716614,0.0,0.07857241481542587,0.014534956775605679,0.047787237183941546,Consensus
cert,0.3,0.3,0.7,0.1885618083164127,0.13333334028720856,0.11170081794261932,0.009999999776482582,0.13105927407741547,0.007947680540382862,0.057516730812497266,Consensus
cert,0.3,0.3,0.7,0.1885618083164127,0.0,0.09591541439294815,0.009999999776482582,0.12159058451652527,0.02512659691274166,0.04888913408396445,Consensus
cert,0.3,0.3,0.7,0.1885618083164127,0.20000000298023224,0.1365182101726532,0.05999999865889549,0.19346196949481964,0.017395125702023506,0.07236904596047225,Consensus
cert,0.3,0.3,0.0,0.14142135623730953,0.13333334028720856,0.15893815457820892,0.009999999776482582,0.20339959859848022,0.020797036588191986,0.07682355329485278,Consensus
cert,0.5,0.3,0.7,0.16329931618554505,0.13333334028720856,0.09313908964395523,0.10999999940395355,0.11504916846752167,0.11370886862277985,0.012818669620210468,Consensus
cert,0.5,0.0,0.0,0.23570226039551584,0.0,0.038254790008068085,0.03999999910593033,0.04324691370129585,0.0067651704885065556,0.018379411340056814,Consensus
cert,0.5,0.0,0.0,0.23570226039551584,0.0,0.013218033127486706,0.0,0.013158977031707764,0.004225622396916151,0.005973721403761704,Consensus
cert,0.5,0.5,0.3,0.0942809041582062,0.0,0.02195298857986927,0.029999999329447746,0.027208823710680008,0.006100339815020561,0.011878897318074174,Consensus
cert,0.5,0.3,0.7,0.16329931618554505,0.0,0.011171541176736355,0.0,0.016078731045126915,0.0034254458732903004,0.006432148437112115,Consensus
cert,0.5,0.3,0.7,0.16329931618554505,0.0,0.02179902419447899,0.009999999776482582,0.02849789336323738,0.004508292302489281,0.010655599821476437,Consensus
cert,0.5,0.3,0.3,0.09428090415820606,0.13333334028720856,0.14654506742954254,0.07000000029802322,0.19206911325454712,0.12800464034080505,0.03914534176054074,Consensus
cert,0.5,0.3,0.3,0.09428090415820606,0.0,0.041408345103263855,0.009999999776482582,0.06248730793595314,0.024025700986385345,0.022325272825972364,Consensus
cert,0.5,0.0,0.3,0.20548046676563253,0.06666667014360428,0.011374801397323608,0.019999999552965164,0.011083331890404224,0.005292495712637901,0.022389364016977817,Consensus
cert,0.5,0.0,0.3,0.20548046676563253,0.0,0.012255721725523472,0.0,0.011986233294010162,0.004576976411044598,0.005453715337255704,Consensus
cert,0.5,0.7,0.3,0.16329931618554522,1.0,0.9912766218185425,0.9900000095367432,0.9686776995658875,0.9943276047706604,0.010662637293234752,Consensus
cert,0.5,0.3,0.0,0.20548046676563253,0.0,0.06643703579902649,0.009999999776482582,0.08938843011856079,0.020817866548895836,0.03455548591424414,Consensus
cert,0.5,0.3,0.7,0.16329931618554505,0.13333334028720856,0.08974718302488327,0.05000000074505806,0.10113752633333206,0.020875105634331703,0.03943903002887531,Consensus
cert,0.5,0.3,0.3,0.09428090415820606,0.2666666805744171,0.14994032680988312,0.05000000074505806,0.1725739985704422,0.09128108620643616,0.07415155838411554,Consensus
cert,0.7,0.7,0.3,0.1885618083164127,1.0,0.9553843140602112,0.8799999952316284,0.9353589415550232,0.9800451397895813,0.04134232265095207,Consensus
cert,0.7,1.0,0.7,0.14142135623730995,1.0,0.9892619848251343,1.0,0.9790170192718506,0.9919711351394653,0.007797984802988963,Consensus
cert,0.7,0.7,0.7,1.2904784139758924e-08,0.9333333373069763,0.9918456077575684,1.0,0.9832145571708679,0.9955303072929382,0.024357916151529845,Consensus
cert,0.7,1.0,0.3,0.28674417556808773,1.0,0.9692395329475403,0.8700000047683716,0.9534640312194824,0.9670861959457397,0.043714822589140834,Consensus
cert,0.7,1.0,0.3,0.28674417556808773,1.0,0.9937524199485779,1.0,0.9854352474212646,0.9928091764450073,0.005404384633091591,Consensus
cert,0.7,0.7,0.3,0.1885618083164127,1.0,0.9988114237785339,1.0,0.9949270486831665,0.9938653111457825,0.002609548607171236,Consensus
cert,0.7,0.5,0.7,0.09428090415820635,0.0,0.02629074454307556,0.09000000357627869,0.033519163727760315,0.00864177942276001,0.031521519277162846,Consensus
cert,0.7,0.3,0.7,0.1885618083164127,0.20000000298023224,0.12578588724136353,0.019999999552965164,0.16072814166545868,0.047710031270980835,0.06767423567775385,Consensus
cert,1.0,1.0,0.7,0.14142135623730917,1.0,0.9828828573226929,1.0,0.9698172807693481,0.992811381816864,0.011505393973670976,Consensus
cert,1.0,1.0,0.3,0.32998316455372223,1.0,0.9841855764389038,1.0,0.9737206101417542,0.997459352016449,0.01047578337999272,Consensus
cert,1.0,0.7,0.7,0.14142135623730995,1.0,0.940624475479126,0.8199999928474426,0.9385718703269958,0.9051837921142578,0.0589677330304434,Consensus
cert,1.0,0.7,0.3,0.28674417556808773,1.0,0.9859233498573303,0.8899999856948853,0.9791626930236816,0.9902222156524658,0.040104976734550435,Consensus
cert,1.0,0.7,0.3,0.28674417556808773,1.0,0.9754175543785095,1.0,0.9484405517578125,0.9853677153587341,0.019124783883461925,Consensus
cert,1.0,1.0,0.0,0.4714045207910317,1.0,0.9958757758140564,0.9800000190734863,0.9898197054862976,0.9958076477050781,0.006954439657953079,Consensus
cert,1.0,1.0,0.5,0.23570226039551564,1.0,0.9869639277458191,1.0,0.9655042290687561,0.9870571494102478,0.012617266390983211,Consensus
cert,1.0,0.7,0.3,0.28674417556808773,1.0,0.9955635070800781,1.0,0.9913305044174194,0.9938653111457825,0.0034186634053024675,Consensus
cert,1.0,1.0,0.7,0.14142135623730917,1.0,0.9992719888687134,1.0,0.9964391589164734,0.9938653111457825,0.0024130460038476803,Consensus
cert,1.0,1.0,0.0,0.4714045207910317,1.0,0.8871851563453674,0.8799999952316284,0.8838991522789001,0.9922692775726318,0.05518519263002376,Consensus
cert,1.0,0.7,0.7,0.14142135623730995,0.9333333373069763,0.9280281662940979,0.7699999809265137,0.9112910628318787,0.9832278490066528,0.07171763856663352,Consensus
cert,1.0,1.0,0.7,0.14142135623730917,1.0,0.9989721179008484,1.0,0.9961657524108887,0.9938653111457825,0.0024168740104016594,Consensus
cert,1.0,1.0,0.0,0.4714045207910317,1.0,0.9749058485031128,1.0,0.9673998355865479,0.9840481281280518,0.01313161970496023,Consensus
cert,1.0,0.7,0.5,0.20548046676563214,1.0,0.991611123085022,1.0,0.9854165315628052,0.992923378944397,0.005523428223177378,Consensus
cert,1.0,1.0,0.3,0.32998316455372223,1.0,0.9817436337471008,1.0,0.9738907217979431,0.9929150342941284,0.010351357387912355,Consensus
cert,1.0,1.0,0.7,0.14142135623730917,1.0,0.9862735867500305,1.0,0.9814358949661255,0.9753947257995605,0.009909931325827204,Consensus
cert,1.0,0.7,1.0,0.14142135623730956,1.0,0.9808977246284485,1.0,0.9717245697975159,0.9938653111457825,0.01121887706819009,Consensus
cert,1.0,0.7,0.7,0.14142135623730995,0.9333333373069763,0.9071032404899597,0.9100000262260437,0.8887439966201782,0.9379947185516357,0.018114404198543488,Consensus
cert,1.0,1.0,0.3,0.32998316455372223,0.9333333373069763,0.93552166223526,1.0,0.9337859153747559,0.9944281578063965,0.030922671730137193,Consensus
cert,1.0,0.7,1.0,0.14142135623730956,1.0,0.9917337894439697,1.0,0.9856440424919128,0.9938653111457825,0.005416027996689001,Consensus
cert,1.0,1.0,0.7,0.14142135623730917,1.0,0.9922987222671509,1.0,0.9833417534828186,0.9938653111457825,0.006139411315655589,Consensus
cert,1.0,0.7,0.7,0.14142135623730995,1.0,0.9881489872932434,1.0,0.9799334406852722,0.9938653111457825,0.007630895107316846,Consensus
cert,1.0,1.0,0.7,0.14142135623730917,1.0,0.9821603894233704,1.0,0.9668946862220764,0.9851775169372559,0.012400396238247643,Consensus
cert,1.0,0.7,1.0,0.14142135623730956,0.9333333373069763,0.9860710501670837,0.949999988079071,0.9743880033493042,0.9910451173782349,0.02199497450966441,Consensus
cert,1.0,1.0,0.7,0.14142135623730917,1.0,0.9927409291267395,1.0,0.9868082404136658,0.9938653111457825,0.004959698999484044,Consensus
cert,1.0,1.0,0.5,0.23570226039551564,1.0,0.9907909631729126,1.0,0.9832918643951416,0.9953227639198303,0.006303033009300452,Consensus
cert,1.0,1.0,0.3,0.32998316455372223,1.0,0.9278727173805237,0.9200000166893005,0.8964368104934692,0.964153528213501,0.036370015125479674,Consensus
cert,1.0,1.0,0.5,0.23570226039551564,1.0,0.9895623922348022,0.8899999856948853,0.9755412936210632,0.99327552318573,0.04063156406389192,Consensus
cert,1.0,1.0,0.3,0.32998316455372223,1.0,0.9545717835426331,0.9599999785423279,0.9382624626159668,0.9981683492660522,0.024651800911394895,Consensus
cert,1.0,0.7,0.3,0.28674417556808773,1.0,0.9920730590820312,0.9800000190734863,0.9822211265563965,0.9844762682914734,0.00734981933401713,Consensus
cert,1.0,1.0,0.7,0.14142135623730917,0.9333333373069763,0.9440035820007324,0.949999988079071,0.9360069036483765,0.9645960927009583,0.01118264523581872,Consensus
cert,1.0,0.7,0.0,0.41899350299921784,1.0,0.9845597147941589,1.0,0.9667284488677979,0.9966919422149658,0.012768147018066748,Consensus
cert,1.0,1.0,0.7,0.14142135623730917,1.0,0.9987830519676208,0.9800000190734863,0.9962605237960815,0.9938653111457825,0.007207871582612832,Consensus
cert,1.0,1.0,0.0,0.4714045207910317,1.0,0.993469774723053,1.0,0.9865670204162598,0.9916604161262512,0.0051464137381847215,Consensus
cert,1.0,1.0,0.3,0.32998316455372223,1.0,0.9740985035896301,1.0,0.9570907354354858,0.9981229901313782,0.017414152166824418,Consensus
cert,1.0,1.0,0.7,0.14142135623730917,1.0,0.9960414171218872,1.0,0.9916571378707886,0.9867755770683289,0.005095980807991936,Consensus
cert,1.0,0.7,0.7,0.14142135623730995,1.0,0.9955271482467651,1.0,0.9863004088401794,0.9938653111457825,0.005042861829162245,Consensus
cert,1.0,1.0,0.3,0.32998316455372223,1.0,0.9935716986656189,1.0,0.9865922331809998,0.9833846092224121,0.006803244934170967,Consensus
cert,1.0,1.0,0.7,0.14142135623730917,0.9333333373069763,0.9701338410377502,1.0,0.9596303701400757,0.9921492338180542,0.023820470623892784,Consensus
cert,1.0,0.7,0.3,0.28674417556808773,1.0,0.9916070103645325,0.9900000095367432,0.979267418384552,0.9986028075218201,0.007400208781946389,Consensus
cert,1.0,1.0,0.7,0.14142135623730917,0.8666666746139526,0.912243127822876,0.949999988079071,0.8970592021942139,0.9597182273864746,0.03425626542525534,Consensus
cert,1.0,1.0,0.3,0.32998316455372223,1.0,0.994239091873169,1.0,0.9863035082817078,0.9953212141990662,0.0050231841076694315,Consensus
cert,1.0,0.7,0.3,0.28674417556808773,1.0,0.9123955965042114,0.9300000071525574,0.88313227891922,0.9931042790412903,0.045709022333491105,Consensus
cert,1.0,1.0,0.7,0.14142135623730917,1.0,0.924319326877594,0.949999988079071,0.9139626026153564,0.99153733253479,0.03465747665655338,Consensus
cert,1.0,1.0,0.7,0.14142135623730917,1.0,0.990810751914978,0.9599999785423279,0.9852311015129089,0.989840567111969,0.013469184703972953,Consensus
cert,1.0,0.7,0.3,0.28674417556808773,1.0,0.951220691204071,0.9700000286102295,0.9260414838790894,0.9940396547317505,0.02737804611237524,Consensus
cert,1.0,0.7,1.0,0.14142135623730956,1.0,0.9915846586227417,1.0,0.9848315119743347,0.9921492338180542,0.0057429743027003636,Consensus
cert,1.0,0.7,0.7,0.14142135623730995,1.0,0.9656639695167542,0.8999999761581421,0.9360472559928894,0.9765071868896484,0.034593111617149855,Consensus
cert,1.0,0.7,0.3,0.28674417556808773,1.0,0.987545371055603,1.0,0.9712604284286499,0.9948112964630127,0.010749219906287877,Consensus
cert,1.0,1.0,1.0,0.0,1.0,0.9871824383735657,0.9900000095367432,0.9776510000228882,0.9938653111457825,0.007416716775241671,Consensus
cert,1.0,1.0,1.0,0.0,1.0,0.9983954429626465,1.0,0.993961751461029,0.9938653111457825,0.002782286307538341,Consensus
cert,1.0,0.7,0.3,0.28674417556808773,1.0,0.9438298940658569,0.9900000095367432,0.9223188161849976,0.9935393929481506,0.031024034817246006,Consensus
cert,1.0,0.7,0.7,0.14142135623730995,1.0,0.9755375385284424,1.0,0.9651454091072083,0.9872865080833435,0.013690927962577757,Consensus
cert,1.0,1.0,1.0,0.0,1.0,0.9955015778541565,1.0,0.992364764213562,0.9938653111457825,0.003143899991812691,Consensus
cert,1.0,0.7,0.5,0.20548046676563214,1.0,0.99898362159729,1.0,0.997409462928772,0.9985629916191101,0.0009716652603363902,Consensus
cert,1.0,0.7,0.7,0.14142135623730995,1.0,0.9435613751411438,0.8799999952316284,0.9208894371986389,0.9431836009025574,0.03887788913928879,Consensus
cert,1.0,1.0,0.7,0.14142135623730917,0.9333333373069763,0.9846784472465515,0.8899999856948853,0.9744302034378052,0.9459906220436096,0.03346715832450669,Consensus
cert,1.0,1.0,0.3,0.32998316455372223,0.9333333373069763,0.9172102808952332,0.9399999976158142,0.8822733759880066,0.9238739013671875,0.02010808571000662,Consensus
cert,1.0,1.0,0.3,0.32998316455372223,1.0,0.9899688959121704,1.0,0.9810803532600403,0.9921492338180542,0.007061731810062881,Consensus
cert,1.0,1.0,0.7,0.14142135623730917,1.0,0.9954309463500977,1.0,0.985233724117279,0.9961240887641907,0.005407208207686802,Consensus
cert,1.0,0.7,0.3,0.28674417556808773,0.9333333373069763,0.9963005185127258,0.8600000143051147,0.9936184287071228,0.9770321846008301,0.05125166395781883,Consensus
cert,1.0,1.0,0.3,0.32998316455372223,1.0,0.9299993515014648,1.0,0.87279212474823,0.9673042893409729,0.04812432318883133,Consensus
cert,1.0,0.7,0.7,0.14142135623730995,1.0,0.9888419508934021,1.0,0.9729980826377869,0.9971722960472107,0.010252840439876813,Consensus
cert,1.0,1.0,0.0,0.4714045207910317,1.0,0.9774567484855652,0.9200000166893005,0.9729365706443787,0.9725667238235474,0.02630931696314532,Consensus
cert,1.0,1.0,0.3,0.32998316455372223,1.0,0.992882490158081,1.0,0.9858067631721497,0.9952020645141602,0.005268670537179722,Consensus
cert,1.0,1.0,1.0,0.0,1.0,0.9963584542274475,1.0,0.9935348629951477,0.9938653111457825,0.0028261928082762493,Consensus
cert,1.0,0.7,0.3,0.28674417556808773,1.0,0.9948426485061646,1.0,0.9892991781234741,0.9938653111457825,0.004049767223856759,Consensus
cert,1.0,1.0,1.0,0.0,1.0,0.9917095899581909,0.9700000286102295,0.9874265193939209,0.9734736084938049,0.01124829564176717,Consensus
cert,1.0,1.0,0.0,0.4714045207910317,1.0,0.9695703983306885,0.9800000190734863,0.9521260857582092,0.9769079685211182,0.015516047295740437,Consensus
cert,1.0,1.0,0.7,0.14142135623730917,1.0,0.9948423504829407,1.0,0.9884246587753296,0.9851775169372559,0.006019074542634004,Consensus
cert,1.0,0.7,0.0,0.41899350299921784,1.0,0.9838891625404358,1.0,0.9573423266410828,0.9961562752723694,0.0161861174579346,Consensus
cert,1.0,0.5,1.0,0.23570226039551564,0.800000011920929,0.8657888770103455,0.8299999833106995,0.8830215334892273,0.9884753227233887,0.06428675815473961,Consensus
cert,1.0,0.7,0.3,0.28674417556808773,1.0,0.9943594932556152,1.0,0.9888732433319092,0.9938653111457825,0.004203678248794684,Consensus
cert,1.0,0.7,0.7,0.14142135623730995,1.0,0.9921354651451111,1.0,0.9872550964355469,0.992276132106781,0.0049676223943288834,Consensus
cert,1.0,0.7,0.3,0.28674417556808773,1.0,0.9957575798034668,1.0,0.9900432825088501,0.9938653111457825,0.003796731733824275,Consensus
cert,1.0,0.7,0.3,0.28674417556808773,1.0,0.9898716807365417,1.0,0.9835280179977417,0.9937937259674072,0.006279691122841278,Consensus
cert,1.0,1.0,1.0,0.0,1.0,0.9971029162406921,0.9900000095367432,0.9931913614273071,0.9928091764450073,0.003514930231421521,Consensus
cert,1.0,0.3,0.0,0.41899350299921784,1.0,0.9741348028182983,0.949999988079071,0.9590327143669128,0.9865835309028625,0.018079663916192493,Consensus
cert,1.0,0.5,0.7,0.20548046676563214,0.9333333373069763,0.9515829086303711,1.0,0.9448631405830383,0.9925673007965088,0.026727652473343133,Consensus
cert,1.0,0.7,0.7,0.14142135623730995,0.8666666746139526,0.9662037491798401,0.9100000262260437,0.9366207718849182,0.9952438473701477,0.04449730333333687,Consensus
cert,1.0,0.7,0.7,0.14142135623730995,1.0,0.9954984188079834,1.0,0.9808319211006165,0.9938653111457825,0.007037812814290917,Consensus
cert,1.0,1.0,1.0,0.0,1.0,0.9830431342124939,0.949999988079071,0.9568881988525391,0.9954278469085693,0.02019190135467247,Consensus
cert,1.0,1.0,0.0,0.4714045207910317,1.0,0.9963321685791016,0.8899999856948853,0.981849193572998,0.9920704960823059,0.04147258254740414,Consensus
cert,1.0,1.0,1.0,0.0,1.0,0.9979488849639893,1.0,0.994345486164093,0.9938653111457825,0.002664737435379948,Consensus
cert,1.0,1.0,0.5,0.23570226039551564,1.0,0.9698829650878906,1.0,0.959980845451355,0.9938743710517883,0.016630807937607888,Consensus
cert,1.0,1.0,1.0,0.0,1.0,0.9874498248100281,1.0,0.9761825203895569,0.9810773730278015,0.009710221337571278,Consensus
cert,1.0,0.7,0.7,0.14142135623730995,1.0,0.9559904932975769,1.0,0.9458730816841125,0.980370283126831,0.022262582581026747,Consensus
cert,1.0,0.7,0.7,0.14142135623730995,1.0,0.997387170791626,1.0,0.9910873770713806,0.9938653111457825,0.0035077062394679235,Consensus
cert,1.0,1.0,0.7,0.14142135623730917,1.0,0.9852824807167053,0.9900000095367432,0.973419725894928,0.9758269786834717,0.00967763016077434,Consensus
cert,1.0,1.0,0.7,0.14142135623730917,1.0,0.99070805311203,1.0,0.9845008254051208,0.9928091764450073,0.0058941271077087125,Consensus
cert,1.0,0.7,0.3,0.28674417556808773,1.0,0.9044952988624573,0.9200000166893005,0.8883244395256042,0.9917683601379395,0.04605800611568676,Consensus
cert,1.0,0.5,0.0,0.408248290463863,0.7333333492279053,0.9387556910514832,0.7099999785423279,0.9014192819595337,0.957158625125885,0.10506967054888143,Consensus
cert,1.0,0.7,1.0,0.14142135623730956,1.0,0.9849554896354675,1.0,0.9777792096138,0.9931159615516663,0.008690891467630451,Consensus
conf,1.0,0.3,0.7,0.28674417556808773,0.5333333611488342,0.5106047987937927,0.20999999344348907,0.4898873567581177,0.1070040836930275,0.1764013554741047,Disagreement
conf,1.0,0.5,0.7,0.20548046676563214,0.2666666805744171,0.844523549079895,0.41999998688697815,0.7909473180770874,0.19000732898712158,0.2684239983155012,Disagreement
conf,1.0,0.3,0.5,0.29439202887759497,0.800000011920929,0.36074402928352356,0.25999999046325684,0.33094602823257446,0.2070946991443634,0.21108396923574413,Disagreement
conf,1.0,0.5,0.5,0.2357022603955159,0.6000000238418579,0.2703807055950165,0.1599999964237213,0.31136825680732727,0.14503087103366852,0.16406525022033952,Disagreement
conf,1.0,0.3,0.7,0.28674417556808773,0.7333333492279053,0.2732444107532501,0.550000011920929,0.3391299843788147,0.44817936420440674,0.16251328825594014,Disagreement
conf,1.0,0.3,0.7,0.28674417556808773,0.6000000238418579,0.4387316405773163,0.5400000214576721,0.45658594369888306,0.9109770059585571,0.17105842143617098,Disagreement
conf,1.0,0.5,0.7,0.20548046676563214,0.6000000238418579,0.33631768822669983,0.4099999964237213,0.3437478840351105,0.45635509490966797,0.096133074463378,Disagreement
conf,1.0,0.3,0.7,0.28674417556808773,0.46666666865348816,0.38613373041152954,0.7799999713897705,0.46272388100624084,0.6528338193893433,0.14483643286962752,Disagreement
conf,1.0,0.5,0.5,0.2357022603955159,0.6666666865348816,0.39195916056632996,0.3799999952316284,0.38467004895210266,0.1674545258283615,0.1586638402391378,Disagreement
conf,1.0,0.5,0.5,0.2357022603955159,0.13333334028720856,0.6144517064094543,0.30000001192092896,0.5519899129867554,0.12778985500335693,0.20467327688229142,Disagreement
conf,1.0,0.5,0.3,0.29439202887759497,0.13333334028720856,0.6747674942016602,0.4300000071525574,0.6428456902503967,0.4334099590778351,0.1938218448251969,Disagreement
conf,1.0,0.0,0.5,0.408248290463863,0.2666666805744171,0.6262384057044983,0.17000000178813934,0.6165990233421326,0.38866308331489563,0.1832898790264177,Disagreement
conf,1.0,0.0,0.5,0.408248290463863,0.13333334028720856,0.0006943749031051993,0.0,1.000000082740371e-07,0.005736596416682005,0.05273395903350723,Disagreement
conf,1.0,0.0,0.7,0.41899350299921784,0.2666666805744171,0.7577536106109619,0.17000000178813934,0.7317143082618713,0.5250911712646484,0.23817080552915904,Disagreement
conf,1.0,0.5,0.7,0.20548046676563214,0.13333334028720856,0.5215758681297302,0.4399999976158142,0.03460511192679405,0.05666977912187576,0.2031854320332818,Disagreement
conf,1.0,0.3,0.3,0.32998316455372223,0.20000000298023224,0.8063182830810547,0.4399999976158142,0.7297185063362122,0.26137295365333557,0.24345876053721563,Disagreement
conf,1.0,0.3,1.0,0.32998316455372223,0.5333333611488342,0.9671593308448792,0.5299999713897705,0.9421624541282654,0.3525735139846802,0.24547533375700384,Disagreement
conf,1.0,0.3,0.5,0.29439202887759497,0.20000000298023224,0.8426781892776489,0.44999998807907104,0.788474977016449,0.33070287108421326,0.25270746598182003,Disagreement
conf,1.0,0.3,0.7,0.28674417556808773,0.2666666805744171,0.7898539304733276,0.44999998807907104,0.7816956043243408,0.3550571799278259,0.21781419708836663,Disagreement
conf,1.0,0.3,0.5,0.29439202887759497,0.20000000298023224,0.7400301098823547,0.44999998807907104,0.7384459972381592,0.34750667214393616,0.2145272925430897,Disagreement
conf,1.0,0.5,0.5,0.2357022603955159,0.3333333432674408,0.8918548226356506,0.44999998807907104,0.8673819303512573,0.3372725248336792,0.25156375337324194,Disagreement
conf,1.0,0.5,0.7,0.20548046676563214,0.13333334028720856,0.5517795085906982,0.4000000059604645,0.5094347596168518,0.18206113576889038,0.16949378259385758,Disagreement
conf,1.0,0.5,0.5,0.2357022603955159,0.13333334028720856,0.7019985318183899,0.4300000071525574,0.5166872143745422,0.22190266847610474,0.20422816186941956,Disagreement
conf,1.0,0.7,0.7,0.14142135623730995,0.20000000298023224,0.6619171500205994,0.44999998807907104,0.6606353521347046,0.3321816921234131,0.1816910102419088,Disagreement
conf,1.0,0.5,0.7,0.20548046676563214,0.3333333432674408,0.8156857490539551,0.46000000834465027,0.8269751667976379,0.37187981605529785,0.21605810187559746,Disagreement
conf,1.0,0.7,0.7,0.14142135623730995,0.2666666805744171,0.8330917358398438,0.44999998807907104,0.7959426045417786,0.3193536102771759,0.23776504430325812,Disagreement
conf,1.0,0.7,0.5,0.20548046676563214,0.3333333432674408,0.8117259740829468,0.46000000834465027,0.7911568284034729,0.3237226903438568,0.21574161688624052,Disagreement
conf,1.0,0.5,0.5,0.2357022603955159,0.20000000298023224,0.7905849814414978,0.44999998807907104,0.7600941061973572,0.3159424066543579,0.23597055656799074,Disagreement
conf,1.0,0.5,0.3,0.29439202887759497,0.3333333432674408,0.8269678354263306,0.44999998807907104,0.8074530959129333,0.37187981605529785,0.21510478789125814,Disagreement
conf,1.0,0.7,0.3,0.28674417556808773,0.3333333432674408,0.7438908815383911,0.4399999976158142,0.8158872723579407,0.42878177762031555,0.1907876954423847,Disagreement
conf,1.0,0.0,0.7,0.41899350299921784,0.9333333373069763,0.7397336959838867,0.9800000190734863,0.7596320509910583,0.9856749176979065,0.10786490378516063,Disagreement
conf,1.0,0.3,0.5,0.29439202887759497,0.800000011920929,0.42425596714019775,0.6399999856948853,0.5,0.49280017614364624,0.13408294565210263,Disagreement
conf,1.0,0.0,0.3,0.41899350299921784,0.5333333611488342,0.1362617164850235,0.27000001072883606,0.14335587620735168,0.19663429260253906,0.14673786251892995,Disagreement
conf,1.0,0.7,0.3,0.28674417556808773,0.8666666746139526,0.5718681216239929,0.699999988079071,0.5971393585205078,0.47106701135635376,0.13415366816394822,Disagreement
conf,1.0,0.3,0.7,0.28674417556808773,0.6666666865348816,0.3816237151622772,0.49000000953674316,0.47642621397972107,0.10685765743255615,0.18350266985390698,Disagreement
conf,1.0,0.5,0.5,0.2357022603955159,0.6000000238418579,0.32438090443611145,0.49000000953674316,0.4358939528465271,0.31271055340766907,0.10715711008508433,Disagreement
conf,1.0,0.5,1.0,0.23570226039551564,0.6000000238418579,0.259901225566864,0.4699999988079071,0.33896467089653015,0.15236277878284454,0.15696199859026322,Disagreement
conf,1.0,0.5,0.5,0.2357022603955159,0.6000000238418579,0.39613378047943115,0.6200000047683716,0.4285055100917816,0.15346378087997437,0.1686171183960927,Disagreement
conf,1.0,0.5,1.0,0.23570226039551564,0.8666666746139526,0.42141395807266235,0.33000001311302185,0.49340498447418213,0.10876051336526871,0.24778200011383622,Disagreement
conf,1.0,1.0,1.0,0.0,0.7333333492279053,0.4306303560733795,0.36000001430511475,0.5235153436660767,0.15316367149353027,0.19067356978086505,Disagreement
conf,1.0,0.5,0.5,0.2357022603955159,0.6666666865348816,0.42780980467796326,0.4300000071525574,0.5,0.11074677109718323,0.18044105479781908,Disagreement
conf,1.0,0.0,0.7,0.41899350299921784,0.7333333492279053,0.3539242148399353,0.5199999809265137,0.4422968924045563,0.11692167073488235,0.20199683353890016,Disagreement
conf,1.0,0.3,0.5,0.29439202887759497,0.7333333492279053,0.4805336892604828,0.38999998569488525,0.5389952063560486,0.13920287787914276,0.194483653975627,Disagreement
conf,1.0,0.3,0.5,0.29439202887759497,0.800000011920929,0.4715617597103119,0.7200000286102295,0.5,0.6655746102333069,0.12669495050033341,Disagreement
conf,1.0,0.3,0.7,0.28674417556808773,0.6666666865348816,0.3046700954437256,0.47999998927116394,0.3910782039165497,0.49158066511154175,0.12062745111813535,Disagreement
conf,1.0,0.3,0.5,0.29439202887759497,0.5333333611488342,0.4288603663444519,0.46000000834465027,0.4149191677570343,0.06976165622472763,0.1610938749216629,Disagreement
conf,1.0,0.3,0.5,0.29439202887759497,0.9333333373069763,0.6591742038726807,0.6000000238418579,0.6055722236633301,0.35682958364486694,0.18383482722484262,Disagreement
conf,1.0,0.7,0.5,0.20548046676563214,0.7333333492279053,0.35923057794570923,0.44999998807907104,0.4270741045475006,0.2378716915845871,0.16351134869050193,Disagreement
conf,1.0,0.5,0.5,0.2357022603955159,0.6000000238418579,0.3712522089481354,0.27000001072883606,0.43750205636024475,0.19294613599777222,0.14050764636579025,Disagreement
conf,1.0,0.3,0.3,0.32998316455372223,0.6666666865348816,0.4276270270347595,0.3799999952316284,0.4383452236652374,0.05489931255578995,0.196279628115688,Disagreement
conf,1.0,0.7,1.0,0.14142135623730956,0.8666666746139526,0.4459715485572815,0.3700000047683716,0.45938143134117126,0.14673519134521484,0.23314566825268718,Disagreement
conf,1.0,0.5,0.5,0.2357022603955159,0.8666666746139526,0.6913411617279053,0.7099999785423279,0.5580629706382751,0.6225053071975708,0.10351368947779714,Disagreement
conf,1.0,0.0,0.5,0.408248290463863,0.8666666746139526,0.5297883749008179,0.5199999809265137,0.5679008364677429,0.40427759289741516,0.15446546953093038,Disagreement
conf,0.3,0.5,0.3,0.09428090415820606,0.5333333611488342,0.1496526449918747,0.20000000298023224,0.17538988590240479,0.21394266188144684,0.14114854732542487,Disagreement
conf,0.3,0.7,0.0,0.28674417556808757,0.13333334028720856,0.6086570024490356,0.3100000023841858,0.47438329458236694,0.17821389436721802,0.17889499590740757,Disagreement
conf,0.3,0.5,0.5,0.0942809041582062,0.4000000059604645,0.13287514448165894,0.1899999976158142,0.21022485196590424,0.24004852771759033,0.08979765954466061,Disagreement
conf,0.3,0.5,0.5,0.0942809041582062,0.5333333611488342,0.2630850374698639,0.18000000715255737,0.3571723997592926,0.05809992179274559,0.1610250425172188,Disagreement
conf,0.3,0.0,0.3,0.14142135623730953,0.6666666865348816,0.29889124631881714,0.25999999046325684,0.31495630741119385,0.2706546187400818,0.15347007595549414,Disagreement
conf,0.3,0.3,0.5,0.0942809041582062,0.6666666865348816,0.3789009153842926,0.5099999904632568,0.45229965448379517,0.3432397246360779,0.11398074627939479,Disagreement
conf,0.3,0.3,0.5,0.0942809041582062,0.6000000238418579,0.2883280813694,0.47999998927116394,0.360763281583786,0.17318011820316315,0.14828838923847373,Disagreement
conf,0.3,0.0,0.3,0.14142135623730953,0.6666666865348816,0.21540191769599915,0.3499999940395355,0.2986191511154175,0.22525747120380402,0.1652804012058863,Disagreement
conf,0.3,0.5,0.3,0.09428090415820606,0.4000000059604645,0.41455957293510437,0.3400000035762787,0.4673895835876465,0.6099303364753723,0.09129125056051669,Disagreement
conf,0.3,0.5,0.7,0.16329931618554505,0.6666666865348816,0.37876173853874207,0.5299999713897705,0.4232271909713745,0.19640132784843445,0.15674479875330627,Disagreement
conf,0.3,0.5,0.5,0.0942809041582062,0.6000000238418579,0.42221400141716003,0.38999998569488525,0.46031519770622253,0.24774983525276184,0.1135940999707203,Disagreement
conf,0.3,0.5,0.5,0.0942809041582062,0.7333333492279053,0.40614381432533264,0.5699999928474426,0.43234431743621826,0.2033722996711731,0.1765931623157345,Disagreement
conf,0.3,0.3,0.3,3.725290298461914e-09,0.5333333611488342,0.1714949756860733,0.20999999344348907,0.251039057970047,0.015120762400329113,0.168675808421741,Disagreement
conf,0.3,0.0,0.5,0.20548046676563253,0.13333334028720856,0.14338897168636322,0.12999999523162842,0.24195893108844757,0.030359525233507156,0.06705927078816235,Disagreement
conf,0.3,0.5,0.5,0.0942809041582062,0.4000000059604645,0.17516763508319855,0.3499999940395355,0.21863344311714172,0.2962252199649811,0.08246031346981549,Disagreement
conf,0.3,0.5,0.0,0.20548046676563253,0.6666666865348816,0.45424312353134155,0.33000001311302185,0.48262444138526917,0.09854067116975784,0.18785749986340305,Disagreement
conf,0.3,0.5,0.0,0.20548046676563253,0.46666666865348816,0.12964296340942383,0.23000000417232513,0.1593145877122879,0.04407857730984688,0.14335380466882067,Disagreement
conf,0.3,0.5,0.5,0.0942809041582062,0.5333333611488342,0.11604645848274231,0.1599999964237213,0.16531048715114594,0.03998761251568794,0.17118619411757632,Disagreement
conf,0.3,0.3,0.0,0.14142135623730953,0.5333333611488342,0.29200124740600586,0.6600000262260437,0.3572119176387787,0.14839160442352295,0.18009037215303172,Disagreement
conf,0.3,0.0,0.3,0.14142135623730953,0.3333333432674408,0.06429856270551682,0.20000000298023224,0.07769132405519485,0.05009143799543381,0.10820834450662457,Disagreement
conf,0.3,0.3,0.5,0.0942809041582062,0.4000000059604645,0.1298920065164566,0.23000000417232513,0.1667226105928421,0.03038538619875908,0.12273698340491847,Disagreement
conf,0.3,0.5,0.7,0.16329931618554505,0.6000000238418579,0.26679083704948425,0.23000000417232513,0.30840563774108887,0.031313516199588776,0.18300805884460988,Disagreement
conf,0.3,0.0,0.3,0.14142135623730953,0.6000000238418579,0.20258240401744843,0.27000001072883606,0.234610453248024,0.4917113780975342,0.15719446203220389,Disagreement
conf,0.3,0.5,0.0,0.20548046676563253,0.5333333611488342,0.1353709101676941,0.36000001430511475,0.18678981065750122,0.2935735583305359,0.13999185548603255,Disagreement
conf,0.3,0.5,0.5,0.0942809041582062,0.800000011920929,0.375428169965744,0.41999998688697815,0.4095982313156128,0.28839007019996643,0.17682422985010465,Disagreement
conf,0.3,0.3,0.7,0.1885618083164127,0.46666666865348816,0.27348223328590393,0.30000001192092896,0.3353801667690277,0.5803456902503967,0.11555264712605982,Disagreement
conf,0.3,0.3,0.0,0.14142135623730953,0.7333333492279053,0.3187703788280487,0.25,0.30476441979408264,0.062485698610544205,0.2196951144985791,Disagreement
conf,0.3,0.3,0.5,0.0942809041582062,0.5333333611488342,0.28374314308166504,0.5,0.33444809913635254,0.3567448854446411,0.09741439496169922,Disagreement
conf,0.3,0.3,0.0,0.14142135623730953,0.6000000238418579,0.37607353925704956,0.46000000834465027,0.3945099115371704,0.18666793406009674,0.1339056945863913,Disagreement
conf,0.3,0.5,0.0,0.20548046676563253,0.5333333611488342,0.4624706506729126,0.2199999988079071,0.42820534110069275,0.15506525337696075,0.14614700566705977,Disagreement
conf,0.5,0.0,0.5,0.23570226039551584,0.5333333611488342,0.12324342876672745,0.11999999731779099,0.15135395526885986,0.2063821703195572,0.1563341801189102,Disagreement
conf,0.5,0.0,0.3,0.20548046676563253,0.2666666805744171,0.01115808729082346,0.23000000417232513,0.01439658086746931,0.07576002925634384,0.10822764919474735,Disagreement
conf,0.5,0.3,0.0,0.20548046676563253,0.6666666865348816,0.14427390694618225,0.3400000035762787,0.25836849212646484,0.0778600424528122,0.2055925544900285,Disagreement
conf,0.5,0.3,0.5,0.0942809041582062,0.8666666746139526,0.3352857232093811,0.5,0.3386782109737396,0.5266307592391968,0.19359976336626977,Disagreement
conf,0.5,0.0,0.5,0.23570226039551584,0.9333333373069763,0.46008121967315674,0.25999999046325684,0.3995402157306671,0.18455703556537628,0.26183495401819973,Disagreement
conf,0.5,0.0,0.5,0.23570226039551584,0.7333333492279053,0.37102699279785156,0.20999999344348907,0.3235810697078705,0.13124686479568481,0.20758798086152058,Disagreement
conf,0.5,0.3,0.5,0.0942809041582062,0.8666666746139526,0.54226154088974,0.3799999952316284,0.3816859722137451,0.290558785200119,0.20405529309607554,Disagreement
conf,0.5,0.5,0.5,0.0,0.800000011920929,0.3979823887348175,0.3199999928474426,0.3036966919898987,0.05091226473450661,0.24260835215444831,Disagreement
conf,0.5,0.0,0.3,0.20548046676563253,0.800000011920929,0.41548147797584534,0.25999999046325684,0.44392967224121094,0.0939050018787384,0.23470329710142399,Disagreement
conf,0.5,0.0,0.3,0.20548046676563253,0.5333333611488342,0.46048036217689514,0.3100000023841858,0.555324137210846,0.219717875123024,0.1303220976205538,Disagreement
conf,0.5,0.5,0.7,0.09428090415820664,0.7333333492279053,0.33744877576828003,0.5699999928474426,0.43796128034591675,0.15394462645053864,0.19752434646108602,Disagreement
conf,0.5,0.0,0.3,0.20548046676563253,0.13333334028720856,0.25236502289772034,0.33000001311302185,0.2869757413864136,0.7520288825035095,0.21093690315305189,Disagreement
conf,0.5,0.0,0.0,0.23570226039551584,0.5333333611488342,0.13954980671405792,0.44999998807907104,0.20165514945983887,0.08153653889894485,0.1779451178670676,Disagreement
conf,0.5,0.3,0.0,0.20548046676563253,0.6000000238418579,0.3585459589958191,0.4399999976158142,0.3893626630306244,0.3459000289440155,0.09249589667033646,Disagreement
conf,0.5,0.3,0.7,0.16329931618554505,0.6000000238418579,0.3445303738117218,0.23999999463558197,0.4426378905773163,0.0786459892988205,0.17689218868967344,Disagreement
conf,0.5,0.5,0.5,0.0,0.800000011920929,0.37878817319869995,0.30000001192092896,0.46658965945243835,0.5289432406425476,0.17118083430374223,Disagreement
conf,0.5,0.0,1.0,0.408248290463863,0.6666666865348816,0.36231428384780884,0.4099999964237213,0.5102464556694031,0.09574579447507858,0.1881232145996634,Disagreement
conf,0.5,0.3,0.7,0.16329931618554505,0.7333333492279053,0.4756493866443634,0.6000000238418579,0.5775285363197327,0.5592280626296997,0.08344978271447703,Disagreement
conf,0.5,0.5,0.5,0.0,0.6666666865348816,0.40111687779426575,0.4699999988079071,0.4239594042301178,0.5916916728019714,0.10205306388488027,Disagreement
conf,0.5,0.5,0.5,0.0,0.7333333492279053,0.5033951997756958,0.550000011920929,0.5495649576187134,0.8052521347999573,0.1185540941465008,Disagreement
conf,0.5,0.7,1.0,0.20548046676563214,0.6000000238418579,0.36840492486953735,0.46000000834465027,0.46709325909614563,0.127416729927063,0.15703272582467426,Disagreement
conf,0.5,0.7,1.0,0.20548046676563214,0.7333333492279053,0.3941601514816284,0.4699999988079071,0.5,0.7407423853874207,0.1425641741970115,Disagreement
conf,0.5,0.3,0.5,0.0942809041582062,0.6666666865348816,0.23613645136356354,0.28999999165534973,0.33310478925704956,0.04602472856640816,0.20158745816423249,Disagreement
conf,0.5,0.3,0.3,0.09428090415820606,0.5333333611488342,0.18773253262043,0.49000000953674316,0.22443757951259613,0.08863554149866104,0.17516650392656646,Disagreement
conf,0.5,0.5,0.7,0.09428090415820664,0.5333333611488342,0.16385844349861145,0.23000000417232513,0.2207050919532776,0.08133791387081146,0.15317768341362611,Disagreement
conf,0.5,1.0,0.3,0.29439202887759497,0.6666666865348816,0.2490626722574234,0.36000001430511475,0.3039538860321045,0.10635008662939072,0.18505853836285743,Disagreement
conf,0.5,0.5,0.0,0.23570226039551584,0.6000000238418579,0.18793858587741852,0.4000000059604645,0.2854277193546295,0.10679136961698532,0.17251936165373088,Disagreement
conf,0.5,0.7,0.7,0.09428090415820635,0.6000000238418579,0.23510737717151642,0.25,0.3161529004573822,0.042861584573984146,0.1802596321752733,Disagreement
conf,0.5,0.5,0.5,0.0,0.5333333611488342,0.17874862253665924,0.27000001072883606,0.2378418892621994,0.1805424839258194,0.13130018537648114,Disagreement
conf,0.5,0.3,0.7,0.16329931618554505,0.7333333492279053,0.37649938464164734,0.3700000047683716,0.39777305722236633,0.16247501969337463,0.18366555557987455,Disagreement
conf,0.5,0.5,0.7,0.09428090415820664,0.46666666865348816,0.14073026180267334,0.18000000715255737,0.1928611546754837,0.04462514445185661,0.1407781854590461,Disagreement
conf,0.5,0.5,0.5,0.0,0.5333333611488342,0.33687564730644226,0.25,0.3732609450817108,0.10989222675561905,0.13976813245408665,Disagreement
conf,0.5,0.7,0.3,0.16329931618554522,0.5333333611488342,0.192313551902771,0.28999999165534973,0.22206734120845795,0.06679872423410416,0.15424274845379937,Disagreement
conf,0.5,0.7,0.7,0.09428090415820635,0.7333333492279053,0.44748055934906006,0.38999998569488525,0.48835498094558716,0.2761588990688324,0.15107600948256258,Disagreement
conf,0.5,0.5,1.0,0.2357022603955159,0.5333333611488342,0.27211520075798035,0.4000000059604645,0.3452947735786438,0.35639992356300354,0.0863729829158405,Disagreement
conf,0.5,0.7,1.0,0.20548046676563214,0.6000000238418579,0.31415921449661255,0.3199999928474426,0.3847824037075043,0.7113361358642578,0.1606945765715001,Disagreement
conf,0.5,0.3,0.3,0.09428090415820606,0.6000000238418579,0.44905778765678406,0.28999999165534973,0.5,0.34443333745002747,0.11032726966009332,Disagreement
conf,0.7,0.3,0.3,0.18856180831641253,0.6666666865348816,0.3907634913921356,0.5699999928474426,0.44530943036079407,0.2675328254699707,0.13895313189195388,Disagreement
conf,0.7,0.3,0.3,0.18856180831641253,0.6000000238418579,0.07768675684928894,0.23000000417232513,0.05852292850613594,0.05096729099750519,0.20881956277569783,Disagreement
conf,0.7,0.5,0.5,0.09428090415820664,0.6000000238418579,0.2582700550556183,0.6000000238418579,0.3070494532585144,0.12901070713996887,0.1896993298322591,Disagreement
conf,0.7,0.5,0.7,0.09428090415820635,0.6666666865348816,0.2798204720020294,0.20999999344348907,0.36717402935028076,0.04067932069301605,0.20682519113498615,Disagreement
conf,0.7,0.3,0.7,0.1885618083164127,0.7333333492279053,0.2006443440914154,0.3700000047683716,0.2698005735874176,0.3426160216331482,0.18471633806310686,Disagreement
conf,0.7,0.0,0.3,0.28674417556808757,0.6666666865348816,0.15300680696964264,0.23000000417232513,0.17357137799263,0.11202084273099899,0.2033933826608071,Disagreement
conf,0.7,0.7,0.5,0.09428090415820635,0.7333333492279053,0.3221992552280426,0.20000000298023224,0.44025033712387085,0.19349735975265503,0.19948721075174883,Disagreement
conf,0.7,0.0,0.5,0.29439202887759497,0.6666666865348816,0.4325978457927704,0.17000000178813934,0.40979790687561035,0.12960274517536163,0.195429072880266,Disagreement
conf,0.7,0.3,0.5,0.16329931618554522,0.6666666865348816,0.23460336029529572,0.2800000011920929,0.19654962420463562,0.0863535925745964,0.1975911111960451,Disagreement
conf,0.7,0.0,0.7,0.3299831645537222,0.7333333492279053,0.1665116548538208,0.2800000011920929,0.13519640266895294,0.09911676496267319,0.23325413854925917,Disagreement
conf,0.7,0.0,0.7,0.3299831645537222,0.6666666865348816,0.14036479592323303,0.2199999988079071,0.12949909269809723,0.11421727389097214,0.20947664712062516,Disagreement
conf,0.7,0.5,0.3,0.16329931618554522,1.0,0.5618345141410828,0.3400000035762787,0.4079672694206238,0.15492752194404602,0.2852086044552868,Disagreement
conf,0.7,0.3,0.3,0.18856180831641253,0.800000011920929,0.4254685044288635,0.25999999046325684,0.2844737768173218,0.16350314021110535,0.22299768049744756,Disagreement
conf,0.7,0.3,0.7,0.1885618083164127,0.2666666805744171,0.0238582044839859,0.30000001192092896,0.040532954037189484,0.15686267614364624,0.11292954237770685,Disagreement
conf,0.7,0.0,0.7,0.3299831645537222,0.7333333492279053,0.20826084911823273,0.27000001072883606,0.25179705023765564,0.03865170106291771,0.23139554261028003,Disagreement
conf,0.7,0.3,1.0,0.28674417556808773,0.6666666865348816,0.44721516966819763,0.4300000071525574,0.47603097558021545,0.8391470909118652,0.15828738324546515,Disagreement
conf,0.7,0.3,0.5,0.16329931618554522,0.0,0.5757712721824646,0.41999998688697815,0.5230849385261536,0.2190283238887787,0.21234654903299852,Disagreement
conf,0.7,0.7,0.5,0.09428090415820635,0.5333333611488342,0.7189570069313049,0.2800000011920929,0.77627032995224,0.2245267778635025,0.2233585093178441,Disagreement
conf,0.7,0.7,0.7,1.2904784139758924e-08,0.6666666865348816,0.4352623224258423,0.4300000071525574,0.515052318572998,0.4595896601676941,0.08799963927422166,Disagreement
conf,0.7,0.7,1.0,0.14142135623730995,0.6000000238418579,0.4597764313220978,0.3700000047683716,0.5372936129570007,0.4890957176685333,0.07699788096155505,Disagreement
conf,0.7,0.5,0.7,0.09428090415820635,0.3333333432674408,0.4636644124984741,0.46000000834465027,0.5197185277938843,0.8804885149002075,0.18488683499413544,Disagreement
conf,0.7,0.3,1.0,0.28674417556808773,0.6666666865348816,0.3179183006286621,0.4399999976158142,0.40591156482696533,0.286714643239975,0.13384270827931088,Disagreement
conf,0.7,0.5,0.5,0.09428090415820664,0.06666667014360428,0.6868485808372498,0.20999999344348907,0.6403611302375793,0.0225792545825243,0.28348052216295505,Disagreement
conf,0.7,0.5,0.7,0.09428090415820635,0.06666667014360428,0.3993802070617676,0.07000000029802322,0.3755655884742737,0.025110267102718353,0.16434058279593575,Disagreement
conf,0.7,0.0,0.7,0.3299831645537222,0.20000000298023224,0.5552880764007568,0.12999999523162842,0.5651569366455078,0.14645420014858246,0.1980296064969032,Disagreement
conf,0.7,0.0,0.7,0.3299831645537222,0.2666666805744171,0.6163061261177063,0.23999999463558197,0.5101830959320068,0.01961803250014782,0.21113203595809218,Disagreement
conf,0.7,0.3,0.7,0.1885618083164127,0.3333333432674408,0.305176317691803,0.36000001430511475,0.31837528944015503,0.305460125207901,0.020550950240831204,Disagreement
conf,0.7,0.3,0.7,0.1885618083164127,0.8666666746139526,0.492031991481781,0.4000000059604645,0.5789576768875122,0.15283025801181793,0.23291671550246362,Disagreement
conf,0.7,0.5,0.7,0.09428090415820635,0.13333334028720856,0.7061921954154968,0.4099999964237213,0.6254265308380127,0.16146111488342285,0.23341701072472804,Disagreement
conf,0.7,0.5,0.3,0.16329931618554522,0.20000000298023224,0.7792354822158813,0.41999998688697815,0.6561253666877747,0.05830158293247223,0.2698124280758046,Disagreement
conf,0.7,0.5,0.3,0.16329931618554522,0.20000000298023224,0.7132439017295837,0.4300000071525574,0.618438720703125,0.053908396512269974,0.24757544218981772,Disagreement
conf,0.7,0.5,0.3,0.16329931618554522,0.13333334028720856,0.5979930758476257,0.41999998688697815,0.5493279695510864,0.16146111488342285,0.1929298211290774,Disagreement
conf,0.7,0.5,0.7,0.09428090415820635,0.6666666865348816,0.5291146039962769,0.6100000143051147,0.5098563432693481,0.5987207293510437,0.056973335212260695,Disagreement
conf,0.7,0.5,0.7,0.09428090415820635,0.800000011920929,0.45656782388687134,0.47999998927116394,0.4810021221637726,0.48109525442123413,0.13046922840338518,Disagreement
conf,0.7,0.5,0.5,0.09428090415820664,0.7333333492279053,0.46978479623794556,0.7099999785423279,0.5161144733428955,0.531002938747406,0.10799528703845895,Disagreement
conf,0.7,0.7,0.7,1.2904784139758924e-08,0.7333333492279053,0.5022079348564148,0.5600000023841858,0.5078763365745544,0.2571144998073578,0.1525594326330918,Disagreement
conf,0.7,0.5,0.7,0.09428090415820635,0.6666666865348816,0.4424067735671997,0.5299999713897705,0.4689842164516449,0.07431723922491074,0.1969697497611282,Disagreement
conf,0.7,0.3,0.7,0.1885618083164127,0.7333333492279053,0.4335683584213257,0.5299999713897705,0.5,0.46714726090431213,0.10531334642382251,Disagreement
conf,0.7,0.3,0.5,0.16329931618554522,0.6666666865348816,0.42416489124298096,0.4699999988079071,0.45544326305389404,0.14567254483699799,0.16679693181193142,Disagreement
conf,0.7,1.0,0.7,0.14142135623730995,0.6666666865348816,0.3343389928340912,0.28999999165534973,0.44447919726371765,0.1042080745100975,0.18539368007667462,Disagreement
conf,0.7,0.0,0.5,0.29439202887759497,0.800000011920929,0.36484718322753906,0.3700000047683716,0.47643277049064636,0.046708300709724426,0.24171065142129458,Disagreement
conf,0.7,0.3,0.5,0.16329931618554522,0.5333333611488342,0.35275983810424805,0.44999998807907104,0.39139828085899353,0.23172295093536377,0.10056627565116925,Disagreement
conf,0.7,0.3,0.3,0.18856180831641253,0.6666666865348816,0.3994591236114502,0.5699999928474426,0.448153018951416,0.40616482496261597,0.10417402360032008,Disagreement
conf,0.7,0.3,0.5,0.16329931618554522,0.6000000238418579,0.30113187432289124,0.4699999988079071,0.3620316982269287,0.19103501737117767,0.14045191453455577,Disagreement
conf,0.7,0.0,1.0,0.41899350299921784,0.800000011920929,0.30086687207221985,0.33000001311302185,0.44010427594184875,0.041566383093595505,0.24628457508092422,Disagreement
conf,0.7,0.5,0.5,0.09428090415820664,0.800000011920929,0.4038750231266022,0.7599999904632568,0.4587387442588806,0.40913864970207214,0.17594678514288836,Disagreement
conf,0.7,0.5,0.5,0.09428090415820664,0.5333333611488342,0.3296487331390381,0.6299999952316284,0.38817575573921204,0.12244655936956406,0.174814307516475,Disagreement
conf,0.7,0.5,0.7,0.09428090415820635,0.6000000238418579,0.27355435490608215,0.3700000047683716,0.3744766116142273,0.10529850423336029,0.16067334078259415,Disagreement
conf,0.7,0.5,1.0,0.20548046676563214,0.7333333492279053,0.32672157883644104,0.5,0.43507257103919983,0.5388329029083252,0.1341363237170552,Disagreement
conf,0.7,0.3,0.3,0.18856180831641253,0.7333333492279053,0.4365474283695221,0.46000000834465027,0.4456782639026642,0.14499804377555847,0.18624191386016345,Disagreement
conf,0.7,0.7,0.5,0.09428090415820635,0.6666666865348816,0.4318248927593231,0.3199999928474426,0.51535964012146,0.042755838483572006,0.20944963028977598,Disagreement
conf,0.7,0.3,0.3,0.18856180831641253,0.7333333492279053,0.3249392807483673,0.4099999964237213,0.39370402693748474,0.0362880639731884,0.22230664917943377,Disagreement
conf,0.7,0.0,0.7,0.3299831645537222,0.5333333611488342,0.16553375124931335,0.11999999731779099,0.1763363927602768,0.03806310519576073,0.1704472018873362,Disagreement
conf,0.7,0.7,0.7,1.2904784139758924e-08,0.800000011920929,0.46696898341178894,0.36000001430511475,0.4105616807937622,0.226740762591362,0.1909174090561581,Disagreement
conf,0.7,0.7,0.3,0.1885618083164127,0.8666666746139526,0.5123292207717896,0.4000000059604645,0.49013781547546387,0.07843545079231262,0.2520965524814248,Disagreement
conf,0.7,0.3,0.7,0.1885618083164127,0.6000000238418579,0.3309623599052429,0.4000000059604645,0.36053675413131714,0.25036221742630005,0.11665247427455233,Disagreement
conf,0.7,0.3,0.5,0.16329931618554522,0.800000011920929,0.4333895742893219,0.36000001430511475,0.46577325463294983,0.2747763991355896,0.17911943400517907,Disagreement
conf,0.7,0.7,0.3,0.1885618083164127,0.6666666865348816,0.22733956575393677,0.36000001430511475,0.2770657539367676,0.07907804101705551,0.19505377916229424,Disagreement
conf,0.7,0.3,0.0,0.28674417556808757,1.0,0.951880931854248,0.8799999952316284,0.9287422299385071,0.9649021029472351,0.03989411348196213,Disagreement
conf,0.0,0.0,0.0,0.0,0.6000000238418579,0.1655009686946869,0.23999999463558197,0.19148343801498413,0.10629304498434067,0.17507043283717025,Disagreement
conf,0.0,0.5,0.0,0.23570226039551584,0.6000000238418579,0.22931712865829468,0.23000000417232513,0.24346446990966797,0.4289064109325409,0.14763017416417318,Disagreement
conf,0.0,0.3,0.3,0.14142135623730953,0.5333333611488342,0.12558987736701965,0.25999999046325684,0.1635684370994568,0.06112867593765259,0.16536936702706445,Disagreement
conf,0.0,0.3,0.3,0.14142135623730953,0.6000000238418579,0.31418660283088684,0.20999999344348907,0.26340487599372864,0.04389509931206703,0.18126851967244947,Disagreement
conf,0.0,0.3,0.5,0.20548046676563253,0.8666666746139526,0.4797166585922241,0.44999998807907104,0.3640502691268921,0.2891191840171814,0.19989993935151937,Disagreement
conf,0.0,0.7,0.3,0.28674417556808757,0.6000000238418579,0.23003613948822021,0.1899999976158142,0.29039108753204346,0.19040167331695557,0.1543366084865284,Disagreement
conf,0.0,0.5,0.3,0.20548046676563253,0.6000000238418579,0.1358753889799118,0.17000000178813934,0.18998555839061737,0.15600299835205078,0.17570481944803631,Disagreement
conf,0.0,0.0,0.0,0.0,0.8666666746139526,0.8594780564308167,0.6899999976158142,0.8538947105407715,0.7904454469680786,0.06685256949784091,Disagreement
conf,0.0,0.3,0.5,0.20548046676563253,0.46666666865348816,0.19582870602607727,0.28999999165534973,0.27397769689559937,0.06824483722448349,0.1301452302225393,Disagreement
conf,0.0,0.3,0.3,0.14142135623730953,0.13333334028720856,0.012010869570076466,0.1599999964237213,0.017537696287035942,0.026288490742444992,0.06346133042919386,Disagreement
conf,0.0,0.5,0.3,0.20548046676563253,0.6000000238418579,0.25031042098999023,0.5099999904632568,0.3007417321205139,0.17109519243240356,0.16193930369842316,Disagreement
conf,0.0,0.3,0.0,0.1414213562373095,0.7333333492279053,0.3428939878940582,0.23999999463558197,0.3699565827846527,0.08246634900569916,0.2149408785518496,Disagreement
conf,0.0,0.3,0.7,0.28674417556808757,0.2666666805744171,0.370045930147171,0.3199999928474426,0.4576244652271271,0.5815805196762085,0.11078244663846358,Disagreement
conf,0.0,0.5,0.5,0.23570226039551584,0.6000000238418579,0.24434742331504822,0.28999999165534973,0.3226236402988434,0.4138874411582947,0.12583496629026247,Disagreement
conf,0.0,0.0,0.5,0.23570226039551584,0.0,0.06512391567230225,0.0,0.09757516533136368,0.0396074578166008,0.03780264770288633,Disagreement
conf,0.0,0.5,0.3,0.20548046676563253,0.7333333492279053,0.3159945607185364,0.30000001192092896,0.3510248064994812,0.2990856170654297,0.1677797677447948,Disagreement
conf,0.0,0.7,0.3,0.28674417556808757,0.6666666865348816,0.39279529452323914,0.27000001072883606,0.3832518458366394,0.03821047022938728,0.20338507867334815,Disagreement
conf,0.0,0.7,0.3,0.28674417556808757,0.6000000238418579,0.2604285776615143,0.3100000023841858,0.31766214966773987,0.07410760223865509,0.16866031638963033,Disagreement
conf,0.0,0.5,0.3,0.20548046676563253,0.7333333492279053,0.34849658608436584,0.6499999761581421,0.43689295649528503,0.514163613319397,0.1395645678617933,Disagreement
conf,0.0,0.3,0.3,0.14142135623730953,0.2666666805744171,0.20690566301345825,0.14000000059604645,0.26604726910591125,0.11135687679052353,0.06371137215814193,Disagreement
conf,0.0,0.3,0.3,0.14142135623730953,0.5333333611488342,0.2453317493200302,0.27000001072883606,0.2991429567337036,0.10072149336338043,0.1396537798542897,Disagreement
